0.00000	0.00060	0.00000	0.00000	0.00000	0.00000	0.00000	0.95524	0.00685	0.00334	0.00629	0.00507	0.00000	0.00608	0.00736	0.00000	0.00173	0.00000	0.00000	0.00000	0.00000	0.00574	0.00463	0.00225	0.00629	0.00704	0.00691	0.00589	0.00244	0.00571	0.00000	0.00223	0.00000	0.00000	0.04733	0.00000	0.00062	0.00000	0.00000
0.00270	0.69820	0.00000	0.00189	0.00262	0.00000	0.00000	0.08233	0.01606	0.52710	0.09360	0.45704	0.00256	0.10724	0.10940	0.00000	0.07777	0.00000	0.00325	0.00000	0.01633	0.59441	0.06832	0.24802	0.04335	0.06082	0.04533	0.01477	0.60393	0.44275	0.84518	0.61091	0.00094	0.00027	0.89124	0.00000	0.18241	0.00882	0.00000
0.00000	0.63449	0.00000	0.00000	0.00000	0.00000	0.00000	0.02537	0.00000	0.58036	0.00000	0.00000	0.00000	0.00000	0.00000	0.00000	0.10594	0.00000	0.00000	0.00000	0.00000	0.30196	0.00000	0.12718	0.00000	0.00000	0.00000	0.00000	0.41948	0.00437	0.00000	0.24189	0.00000	0.00000	0.00000	0.00000	0.00000	0.09312	0.00000
0.00442	0.77887	0.00000	0.00308	0.00386	0.00000	0.00000	0.12618	0.07581	0.65413	0.42016	0.83322	0.02396	0.41561	0.29705	0.00000	0.11506	0.00000	0.00597	0.00000	0.02999	0.86937	0.35606	0.38282	0.25546	0.37842	0.37253	0.24220	0.82730	0.73856	0.88034	0.87942	0.00155	0.00255	0.81207	0.00000	0.46398	0.00000	0.00000
0.00000	0.63293	0.00000	0.00000	0.00000	0.00000	0.00000	0.02410	0.00000	0.57877	0.00000	0.00000	0.00000	0.00000	0.00000	0.00000	0.10543	0.00000	0.00000	0.00000	0.00000	0.30169	0.00000	0.12657	0.00000	0.00000	0.00000	0.00000	0.41835	0.00435	0.00000	0.24172	0.00000	0.00000	0.00000	0.00000	0.00000	0.09267	0.00000
0.00000	0.00000	0.00000	0.00000	0.00000	0.00000	0.00000	0.00000	0.00000	0.00000	0.00000	0.00000	0.00000	0.00000	0.00000	0.00000	0.00000	0.00000	0.00000	0.00000	0.00000	0.00000	0.00000	0.00000	0.00000	0.00000	0.00000	0.00000	0.00000	0.00000	0.00000	0.00000	0.00000	0.00000	0.00000	0.00000	0.00000	0.00000	0.00000
0.00000	0.13731	0.00000	0.00000	0.11806	0.00000	0.00000	0.00000	0.00000	0.21508	0.00000	0.00000	0.00000	0.00000	0.00000	0.00000	0.65175	0.00000	0.00000	0.00000	0.00000	0.05726	0.00000	0.69868	0.00000	0.00000	0.00000	0.00000	0.07419	0.00000	0.00000	0.03355	0.00000	0.00268	0.00000	0.00000	0.00000	0.10162	0.00000
0.00002	0.38003	0.00000	0.00000	0.00133	0.00000	0.00000	0.04499	0.00478	0.29685	0.19101	0.44756	0.00000	0.25841	0.25292	0.00000	0.07414	0.00000	0.00092	0.00000	0.00022	0.41396	0.20271	0.23289	0.15022	0.11916	0.11913	0.09952	0.37270	0.57493	0.88810	0.40839	0.00003	0.00067	0.44351	0.00000	0.13944	0.00846	0.00000
0.00001	0.06844	0.00000	0.00000	0.00000	0.00000	0.00000	0.04036	0.00132	0.03390	0.07456	0.10126	0.00000	0.06919	0.12771	0.00000	0.01735	0.00000	0.00041	0.00000	0.00010	0.05879	0.05852	0.02337	0.07394	0.08074	0.08016	0.05482	0.03049	0.12221	0.94392	0.03914	0.00001	0.00000	0.05932	0.00000	0.04776	0.00000	0.00000
0.00000	0.00071	0.00000	0.00000	0.00000	0.00000	0.00000	0.95146	0.00661	0.00069	0.00591	0.01086	0.00000	0.00418	0.00333	0.00000	0.00000	0.00000	0.00000	0.00000	0.00000	0.00282	0.00477	0.00029	0.00591	0.00417	0.00415	0.00405	0.00070	0.00393	0.00027	0.00174	0.00000	0.00000	0.04605	0.00000	0.00191	0.00000	0.00000
0.00000	0.08044	0.00000	0.00000	0.00000	0.00000	0.00000	0.61621	0.05673	0.06748	0.30133	0.16529	0.01722	0.43778	0.23227	0.00000	0.00532	0.00000	0.00015	0.00000	0.00283	0.14836	0.31537	0.03006	0.17291	0.37355	0.39226	0.24257	0.13337	0.53677	0.00843	0.16297	0.00000	0.00272	0.15481	0.00000	0.18732	0.00000	0.00000
0.03974	0.05963	0.03968	0.03973	0.05512	0.03968	0.03968	0.07315	0.05871	0.08880	0.07457	0.10282	0.03968	0.09983	0.08762	0.03968	0.08267	0.03968	0.03968	0.03968	0.03995	0.09366	0.09248	0.09540	0.07441	0.08140	0.08031	0.08861	0.07582	0.08624	0.08409	0.07235	0.03968	0.05570	0.08535	0.03968	0.04308	0.05579	0.03968
0.00000	0.00113	0.00000	0.00000	0.00000	0.00000	0.00000	0.95293	0.00669	0.00105	0.00589	0.00660	0.00000	0.00434	0.00343	0.00000	0.00000	0.00000	0.00000	0.00000	0.00000	0.00326	0.00470	0.00008	0.00589	0.00432	0.00431	0.00420	0.00104	0.00408	0.00024	0.00211	0.00000	0.00000	0.04662	0.00000	0.00175	0.00000	0.00000
0.00102	0.25465	0.00000	0.00068	0.00055	0.00000	0.00000	0.73279	0.17462	0.21213	0.58059	0.24610	0.02493	0.12905	0.08778	0.00000	0.04588	0.00000	0.00296	0.00000	0.01020	0.28358	0.48602	0.14301	0.20178	0.34129	0.36490	0.29990	0.27601	0.17793	0.82874	0.30715	0.00039	0.00267	0.83426	0.00000	0.66046	0.00301	0.00000
0.00373	0.65044	0.00000	0.00259	0.00316	0.00000	0.00000	0.58704	0.16174	0.59474	0.67769	0.67193	0.03392	0.47934	0.29852	0.00000	0.10470	0.00000	0.00559	0.00000	0.02755	0.80867	0.56548	0.36760	0.28514	0.60255	0.61392	0.38856	0.78181	0.66820	0.87077	0.84252	0.00132	0.00387	0.86050	0.00000	0.73953	0.00000	0.00000
0.00270	0.61431	0.00000	0.00186	0.00297	0.00000	0.00000	0.10471	0.16875	0.53706	0.70613	0.80478	0.03328	0.63623	0.65962	0.00000	0.10644	0.00000	0.00465	0.00000	0.02143	0.74425	0.60570	0.34169	0.30095	0.73436	0.75148	0.42990	0.70372	0.78406	0.84062	0.75501	0.00097	0.00400	0.47259	0.00000	0.70524	0.00000	0.00000
0.00001	0.10591	0.00000	0.00000	0.00000	0.00000	0.00000	0.03060	0.11159	0.07895	0.40379	0.19523	0.02573	0.19885	0.21892	0.00000	0.02520	0.00000	0.00028	0.00000	0.00424	0.13862	0.37929	0.05823	0.21729	0.24339	0.27094	0.24660	0.08522	0.20163	0.89447	0.10138	0.00001	0.00274	0.10200	0.00000	0.35836	0.00064	0.00000
0.00000	0.00012	0.00000	0.00000	0.00000	0.00000	0.00000	0.00000	0.08333	0.00573	0.25647	0.11380	0.02546	0.24243	0.62883	0.00000	0.00093	0.00000	0.00000	0.00000	0.00413	0.02030	0.19680	0.00035	0.06023	0.40343	0.43198	0.18223	0.01421	0.02115	0.00756	0.01911	0.00000	0.00271	0.00000	0.00000	0.25758	0.00000	0.00000
0.00000	0.00078	0.00000	0.00000	0.00000	0.00000	0.00000	0.00000	0.00000	0.07628	0.00000	0.81924	0.00000	0.00000	0.26652	0.00000	0.05223	0.00000	0.00000	0.00000	0.00000	0.05931	0.00000	0.07873	0.00000	0.02971	0.02632	0.00000	0.04881	0.00000	0.00057	0.00000	0.00000	0.00000	0.00000	0.00000	0.00000	0.00000	0.00000
0.00000	0.00180	0.00000	0.00000	0.00000	0.00000	0.00000	0.00330	0.00000	0.07558	0.01482	0.81019	0.00000	0.01434	0.24602	0.00000	0.05064	0.00000	0.00000	0.00000	0.00000	0.06642	0.01092	0.07658	0.01482	0.04310	0.03975	0.01389	0.04903	0.01347	0.00002	0.00525	0.00000	0.00000	0.00000	0.00000	0.00145	0.00000	0.00000
0.00000	0.00078	0.00000	0.00000	0.00000	0.00000	0.00000	0.00000	0.00009	0.07586	0.00028	0.74914	0.00006	0.00016	0.51795	0.00000	0.05193	0.00000	0.00000	0.00000	0.00001	0.05902	0.00027	0.07577	0.00014	0.02976	0.02646	0.00022	0.04857	0.00005	0.01100	0.00004	0.00000	0.00001	0.00000	0.00000	0.00028	0.00000	0.00000
0.00000	0.00078	0.00000	0.00000	0.00000	0.00000	0.00000	0.00000	0.00000	0.07628	0.00000	0.81919	0.00000	0.00000	0.26722	0.00000	0.05222	0.00000	0.00000	0.00000	0.00000	0.05931	0.00000	0.07873	0.00000	0.02971	0.02632	0.00000	0.04881	0.00000	0.00055	0.00000	0.00000	0.00000	0.00000	0.00000	0.00000	0.00000	0.00000
0.00000	0.00078	0.00000	0.00000	0.00000	0.00000	0.00000	0.00000	0.00000	0.07628	0.00000	0.81936	0.00000	0.00000	0.26730	0.00000	0.05223	0.00000	0.00000	0.00000	0.00000	0.05931	0.00000	0.07873	0.00000	0.02971	0.02632	0.00000	0.04881	0.00000	0.00045	0.00000	0.00000	0.00000	0.00000	0.00000	0.00000	0.00000	0.00000
0.00000	0.00078	0.00000	0.00000	0.00000	0.00000	0.00000	0.00000	0.00000	0.07628	0.00000	0.81909	0.00000	0.00000	0.26725	0.00000	0.05223	0.00000	0.00000	0.00000	0.00000	0.05931	0.00000	0.07873	0.00000	0.02971	0.02632	0.00000	0.04881	0.00000	0.00072	0.00000	0.00000	0.00000	0.00000	0.00000	0.00000	0.00000	0.00000
0.00000	0.00078	0.00000	0.00000	0.00000	0.00000	0.00000	0.00000	0.00000	0.07628	0.00000	0.81925	0.00000	0.00000	0.26702	0.00000	0.05223	0.00000	0.00000	0.00000	0.00000	0.05931	0.00000	0.07873	0.00000	0.02971	0.02632	0.00000	0.04881	0.00000	0.00056	0.00000	0.00000	0.00000	0.00000	0.00000	0.00000	0.00000	0.00000
0.00000	0.10249	0.00000	0.00000	0.00000	0.00000	0.00000	0.03828	0.01125	0.01822	0.00734	0.60344	0.00152	0.07843	0.22829	0.00000	0.00137	0.00000	0.00000	0.00000	0.00025	0.01960	0.04537	0.01903	0.00360	0.00591	0.00934	0.00599	0.03852	0.26157	0.00438	0.03952	0.00000	0.00057	0.70359	0.00000	0.00741	0.00115	0.00000
0.00122	0.34209	0.00000	0.00083	0.00144	0.00000	0.00000	0.74557	0.10234	0.29148	0.38913	0.31746	0.01057	0.10987	0.07060	0.00000	0.05675	0.00000	0.00310	0.00000	0.00907	0.38540	0.33821	0.19983	0.16928	0.17064	0.17647	0.15632	0.37620	0.22316	0.86087	0.41226	0.00046	0.00113	0.88201	0.00000	0.47396	0.00000	0.00000
0.00000	0.00000	0.00000	0.00000	0.00000	0.00000	0.00000	0.00000	0.00000	0.06931	0.00000	0.00000	0.00000	0.00000	0.00000	0.00000	0.18260	0.00000	0.00000	0.00000	0.00000	0.00000	0.00000	0.19237	0.00000	0.00000	0.00000	0.00000	0.00000	0.00000	0.00716	0.00000	0.00000	0.00000	0.00000	0.00000	0.00000	0.00000	0.00000
0.00000	0.00374	0.00000	0.00000	0.00000	0.00000	0.00000	0.00000	0.00000	0.00057	0.00000	0.17732	0.00000	0.12909	0.50564	0.00000	0.00000	0.00000	0.00000	0.00000	0.00000	0.00056	0.00181	0.00316	0.00000	0.12557	0.12557	0.00000	0.00099	0.00944	0.00779	0.00131	0.00000	0.00002	0.00258	0.00000	0.00000	0.00000	0.00000
0.00000	0.00058	0.00000	0.00000	0.00000	0.00000	0.00000	0.95176	0.00664	0.00059	0.00598	0.01216	0.00000	0.00424	0.00338	0.00000	0.00000	0.00000	0.00000	0.00000	0.00000	0.00275	0.00482	0.00036	0.00598	0.00423	0.00421	0.00411	0.00061	0.00399	0.00027	0.00166	0.00000	0.00000	0.04608	0.00000	0.00192	0.00000	0.00000
0.00000	0.02868	0.00000	0.00000	0.00000	0.00000	0.00000	0.85812	0.03150	0.00960	0.01919	0.03208	0.00000	0.00000	0.05824	0.00000	0.00216	0.00000	0.00000	0.00000	0.00000	0.00333	0.01951	0.00260	0.00826	0.00000	0.00150	0.00547	0.00741	0.01992	0.00147	0.00272	0.00000	0.00000	0.79493	0.00000	0.01901	0.00190	0.00000
0.00044	0.30442	0.00000	0.00028	0.00231	0.00000	0.00000	0.04735	0.17195	0.29289	0.66296	0.60491	0.03688	0.55921	0.53824	0.00000	0.07208	0.00000	0.00201	0.00000	0.00871	0.42691	0.57478	0.20194	0.27395	0.67255	0.71008	0.43463	0.36217	0.46750	0.81805	0.39998	0.00019	0.00435	0.21852	0.00000	0.60155	0.00000	0.00000
0.00129	0.29139	0.00000	0.00087	0.00040	0.00000	0.00000	0.72789	0.20626	0.26815	0.67389	0.31037	0.03207	0.29124	0.28655	0.00000	0.05229	0.00000	0.00350	0.00000	0.01300	0.37289	0.56589	0.18788	0.23217	0.54038	0.56983	0.37142	0.34995	0.21342	0.85374	0.39293	0.00049	0.00342	0.82084	0.00000	0.76912	0.00000	0.00000
0.00313	0.58765	0.00000	0.00217	0.00299	0.00000	0.00000	0.61673	0.18899	0.57222	0.71035	0.63053	0.03786	0.66876	0.45090	0.00000	0.10219	0.00000	0.00515	0.00000	0.02474	0.78344	0.61629	0.36283	0.27220	0.77131	0.79158	0.43814	0.75372	0.68185	0.75530	0.81653	0.00112	0.00454	0.80105	0.00000	0.75971	0.00001	0.00000
0.00000	0.10072	0.00000	0.00000	0.11806	0.00000	0.00000	0.00000	0.00000	0.25142	0.00000	0.11212	0.00000	0.00000	0.07727	0.00000	0.67131	0.00000	0.00000	0.00000	0.00000	0.10161	0.00000	0.72746	0.00000	0.02975	0.02636	0.00000	0.10317	0.00001	0.00000	0.02512	0.00000	0.00268	0.00000	0.00000	0.00000	0.07291	0.00000
0.00000	0.07832	0.00000	0.00000	0.11806	0.00000	0.00000	0.00000	0.00000	0.22802	0.00000	0.11212	0.00000	0.00000	0.07727	0.00000	0.65372	0.00000	0.00000	0.00000	0.00000	0.09173	0.00000	0.70633	0.00000	0.02975	0.02636	0.00000	0.09077	0.00000	0.00000	0.01895	0.00000	0.00268	0.00000	0.00000	0.00000	0.05739	0.00000
0.00000	0.00394	0.00000	0.00000	0.08186	0.00000	0.00000	0.82180	0.00673	0.01474	0.00356	0.01134	0.00000	0.00344	0.01000	0.00000	0.27484	0.00000	0.00000	0.00000	0.00000	0.00842	0.00262	0.28689	0.00356	0.00624	0.00590	0.00334	0.00755	0.00328	0.00000	0.00166	0.00000	0.00186	0.03787	0.00000	0.00035	0.00122	0.00000
0.00000	0.11792	0.00000	0.00000	0.11806	0.00000	0.00000	0.00837	0.00000	0.26933	0.00000	0.11212	0.00000	0.00000	0.07727	0.00000	0.68469	0.00000	0.00000	0.00000	0.00000	0.10930	0.00000	0.74351	0.00000	0.02975	0.02636	0.00000	0.11275	0.00002	0.00000	0.02999	0.00000	0.00268	0.00000	0.00000	0.00000	0.08463	0.00000
0.00000	0.11792	0.00000	0.00000	0.11806	0.00000	0.00000	0.00837	0.00000	0.26933	0.00000	0.11212	0.00000	0.00000	0.07727	0.00000	0.68469	0.00000	0.00000	0.00000	0.00000	0.10930	0.00000	0.74351	0.00000	0.02975	0.02636	0.00000	0.11275	0.00002	0.00000	0.02999	0.00000	0.00268	0.00000	0.00000	0.00000	0.08463	0.00000
0.00000	0.11792	0.00000	0.00000	0.11806	0.00000	0.00000	0.00837	0.00000	0.26933	0.00000	0.11212	0.00000	0.00000	0.07727	0.00000	0.68469	0.00000	0.00000	0.00000	0.00000	0.10930	0.00000	0.74351	0.00000	0.02975	0.02636	0.00000	0.11275	0.00002	0.00000	0.02999	0.00000	0.00268	0.00000	0.00000	0.00000	0.08463	0.00000
0.00002	0.12615	0.00000	0.00000	0.00000	0.00000	0.00000	0.05614	0.12007	0.10155	0.46547	0.30150	0.03259	0.43643	0.62112	0.00000	0.03535	0.00000	0.00092	0.00000	0.00551	0.18114	0.43374	0.07325	0.26545	0.49219	0.52821	0.30228	0.11636	0.26103	0.80431	0.14165	0.00003	0.00357	0.16178	0.00000	0.40775	0.00000	0.00000
0.00088	0.29368	0.00000	0.00058	0.00000	0.00000	0.00000	0.18610	0.12717	0.18338	0.44816	0.34225	0.03320	0.35662	0.61734	0.00000	0.03774	0.00000	0.00315	0.00000	0.01076	0.25070	0.39216	0.12791	0.19309	0.51559	0.55003	0.25933	0.25248	0.33109	0.85961	0.28194	0.00035	0.00368	0.73153	0.00000	0.54887	0.00000	0.00000
0.00068	0.16913	0.00000	0.00048	0.00017	0.00000	0.00000	0.66222	0.16216	0.14978	0.59842	0.26525	0.02377	0.35817	0.52331	0.00000	0.03187	0.00000	0.00086	0.00000	0.00789	0.24765	0.50111	0.09893	0.25024	0.53916	0.56042	0.34880	0.18486	0.23197	0.75200	0.21564	0.00024	0.00253	0.47669	0.00000	0.53818	0.00000	0.00000
0.00000	0.12375	0.00000	0.00000	0.00000	0.00000	0.00000	0.04594	0.00049	0.10051	0.05508	0.69597	0.00000	0.21404	0.24334	0.00000	0.04036	0.00000	0.00000	0.00000	0.00000	0.11926	0.12342	0.08122	0.05508	0.07606	0.07331	0.05182	0.12521	0.48528	0.02848	0.10519	0.00000	0.00088	0.15305	0.00000	0.00539	0.00000	0.00000
0.00000	0.00213	0.00000	0.00000	0.00000	0.00000	0.00000	0.01372	0.00000	0.07599	0.01941	0.80613	0.00000	0.01877	0.24537	0.00000	0.05059	0.00000	0.00000	0.00000	0.00000	0.06911	0.01430	0.07642	0.01941	0.04749	0.04413	0.01819	0.04950	0.01764	0.00000	0.00688	0.00000	0.00000	0.00081	0.00000	0.00190	0.00000	0.00000
0.00012	0.20873	0.00000	0.00008	0.00000	0.00000	0.00000	0.05719	0.01756	0.07299	0.08065	0.55271	0.00000	0.25823	0.33456	0.00000	0.01252	0.00000	0.00004	0.00000	0.00068	0.11179	0.13967	0.04478	0.07904	0.10723	0.10865	0.07429	0.13213	0.67229	0.02824	0.12650	0.00004	0.00086	0.78347	0.00000	0.01095	0.00000	0.00000
0.00121	0.30075	0.00000	0.00082	0.00059	0.00000	0.00000	0.12637	0.03863	0.18305	0.17870	0.47854	0.01262	0.10026	0.20328	0.00000	0.03274	0.00000	0.00291	0.00000	0.00934	0.22747	0.16288	0.12533	0.11826	0.13498	0.14323	0.07803	0.23573	0.26247	0.83374	0.25876	0.00045	0.00137	0.83990	0.00000	0.28202	0.00000	0.00000
0.00363	0.64682	0.00000	0.00253	0.00219	0.00000	0.00000	0.09661	0.03081	0.50353	0.27121	0.78854	0.00926	0.35063	0.31375	0.00000	0.09269	0.00000	0.00511	0.00000	0.02296	0.66442	0.24969	0.30362	0.18842	0.28328	0.26796	0.13514	0.66273	0.74388	0.85529	0.70295	0.00128	0.00136	0.88525	0.00000	0.33147	0.00000	0.00000
0.00000	0.00078	0.00000	0.00000	0.00000	0.00000	0.00000	0.00000	0.00000	0.07665	0.00000	0.81768	0.00000	0.00195	0.24133	0.00000	0.05226	0.00000	0.00000	0.00000	0.00000	0.05966	0.00101	0.07900	0.00000	0.02973	0.02634	0.00000	0.04939	0.00224	0.00000	0.00073	0.00000	0.00001	0.00071	0.00000	0.00000	0.00000	0.00000
0.00000	0.00078	0.00000	0.00000	0.00000	0.00000	0.00000	0.00000	0.00000	0.07665	0.00000	0.81768	0.00000	0.00195	0.24133	0.00000	0.05226	0.00000	0.00000	0.00000	0.00000	0.05966	0.00101	0.07900	0.00000	0.02973	0.02634	0.00000	0.04939	0.00224	0.00000	0.00073	0.00000	0.00001	0.00071	0.00000	0.00000	0.00000	0.00000
0.00000	0.05839	0.00000	0.00000	0.00000	0.00000	0.00000	0.01311	0.00000	0.05336	0.08325	0.56358	0.00000	0.06407	0.16572	0.00000	0.02844	0.00000	0.00000	0.00000	0.00000	0.07237	0.06992	0.05306	0.08271	0.07761	0.07554	0.05106	0.04038	0.11753	0.70464	0.03300	0.00000	0.00002	0.03476	0.00000	0.04768	0.00000	0.00000
0.00000	0.00078	0.00000	0.00000	0.00000	0.00000	0.00000	0.00000	0.00000	0.07665	0.00000	0.81768	0.00000	0.00195	0.24133	0.00000	0.05226	0.00000	0.00000	0.00000	0.00000	0.05966	0.00101	0.07900	0.00000	0.02973	0.02634	0.00000	0.04939	0.00224	0.00000	0.00073	0.00000	0.00001	0.00071	0.00000	0.00000	0.00000	0.00000
0.00000	0.00090	0.00000	0.00000	0.00000	0.00000	0.00000	0.00393	0.07684	0.08158	0.23543	0.11114	0.02601	0.29323	0.35296	0.00000	0.05279	0.00000	0.00000	0.00000	0.00422	0.07962	0.18581	0.06782	0.06155	0.46495	0.49076	0.16953	0.06297	0.02161	0.00000	0.01952	0.00000	0.00277	0.00000	0.00000	0.23656	0.00000	0.00000
0.00000	0.00090	0.00000	0.00000	0.00000	0.00000	0.00000	0.00393	0.07684	0.08158	0.23543	0.11114	0.02601	0.29323	0.35296	0.00000	0.05279	0.00000	0.00000	0.00000	0.00422	0.07962	0.18581	0.06782	0.06155	0.46495	0.49076	0.16953	0.06297	0.02161	0.00000	0.01952	0.00000	0.00277	0.00000	0.00000	0.23656	0.00000	0.00000
0.00229	0.62000	0.00000	0.00160	0.00117	0.00000	0.00000	0.12882	0.09338	0.44905	0.37493	0.38488	0.02123	0.25345	0.37459	0.00000	0.05002	0.00000	0.00314	0.00000	0.01700	0.49997	0.29215	0.17221	0.14598	0.41065	0.41948	0.19097	0.51052	0.43712	0.83214	0.51451	0.00080	0.00228	0.83119	0.00000	0.46603	0.00000	0.00000
0.00000	0.63742	0.00000	0.00000	0.00000	0.00000	0.00000	0.00000	0.00000	0.60603	0.00000	0.03345	0.00000	0.00000	0.02305	0.00000	0.12402	0.00000	0.00000	0.00000	0.00000	0.32089	0.00000	0.15046	0.00000	0.00887	0.00786	0.00000	0.43544	0.00437	0.00000	0.24259	0.00000	0.00000	0.00000	0.00000	0.00000	0.09530	0.00000
0.00000	0.63742	0.00000	0.00000	0.00000	0.00000	0.00000	0.00000	0.00000	0.60603	0.00000	0.03345	0.00000	0.00000	0.02305	0.00000	0.12402	0.00000	0.00000	0.00000	0.00000	0.32089	0.00000	0.15046	0.00000	0.00887	0.00786	0.00000	0.43544	0.00437	0.00000	0.24259	0.00000	0.00000	0.00000	0.00000	0.00000	0.09530	0.00000
0.00000	0.63742	0.00000	0.00000	0.00000	0.00000	0.00000	0.00000	0.00000	0.60603	0.00000	0.03345	0.00000	0.00000	0.02305	0.00000	0.12402	0.00000	0.00000	0.00000	0.00000	0.32089	0.00000	0.15046	0.00000	0.00887	0.00786	0.00000	0.43544	0.00437	0.00000	0.24259	0.00000	0.00000	0.00000	0.00000	0.00000	0.09530	0.00000
0.00000	0.63742	0.00000	0.00000	0.00000	0.00000	0.00000	0.00000	0.00000	0.60603	0.00000	0.03345	0.00000	0.00000	0.02305	0.00000	0.12402	0.00000	0.00000	0.00000	0.00000	0.32089	0.00000	0.15046	0.00000	0.00887	0.00786	0.00000	0.43544	0.00437	0.00000	0.24259	0.00000	0.00000	0.00000	0.00000	0.00000	0.09530	0.00000
0.00000	0.11953	0.00000	0.00000	0.00000	0.00000	0.00000	0.92581	0.00683	0.11320	0.00380	0.00351	0.00000	0.00368	0.00476	0.00000	0.00759	0.00000	0.00000	0.00000	0.00000	0.04108	0.00280	0.00924	0.00380	0.00438	0.00428	0.00356	0.08818	0.00499	0.00000	0.03182	0.00000	0.00000	0.04350	0.00000	0.00037	0.00557	0.00000
0.00001	0.05250	0.00000	0.00000	0.00000	0.00000	0.00000	0.74823	0.13459	0.03647	0.46491	0.11839	0.03494	0.42646	0.60101	0.00000	0.01241	0.00000	0.00022	0.00000	0.00572	0.10215	0.35073	0.01539	0.18002	0.67518	0.71555	0.35106	0.04730	0.17177	0.02509	0.06907	0.00001	0.00372	0.73414	0.00000	0.38518	0.00000	0.00000
0.00000	0.19503	0.00000	0.00000	0.00000	0.00000	0.00000	0.05804	0.01728	0.06407	0.08214	0.32520	0.00000	0.33496	0.74609	0.00000	0.01077	0.00000	0.00000	0.00000	0.00000	0.10736	0.13215	0.03861	0.07707	0.19646	0.19909	0.07240	0.11347	0.58515	0.04638	0.12029	0.00000	0.00078	0.81765	0.00000	0.01203	0.00000	0.00000
0.00000	0.00335	0.00000	0.00000	0.00000	0.00000	0.00000	0.01297	0.08611	0.07584	0.30096	0.10462	0.02653	0.34253	0.36734	0.00000	0.04613	0.00000	0.00000	0.00000	0.00430	0.09407	0.23028	0.05913	0.09879	0.53911	0.56579	0.22219	0.06113	0.05476	0.00000	0.03267	0.00000	0.00283	0.00000	0.00000	0.26962	0.00000	0.00000
0.00000	0.00335	0.00000	0.00000	0.00000	0.00000	0.00000	0.01297	0.08611	0.07584	0.30096	0.10462	0.02653	0.34253	0.36734	0.00000	0.04613	0.00000	0.00000	0.00000	0.00430	0.09407	0.23028	0.05913	0.09879	0.53911	0.56579	0.22219	0.06113	0.05476	0.00000	0.03267	0.00000	0.00283	0.00000	0.00000	0.26962	0.00000	0.00000
0.00019	0.01479	0.00000	0.00015	0.03343	0.00000	0.00000	0.19576	0.12970	0.05230	0.48470	0.06200	0.03853	0.42194	0.36413	0.00000	0.04683	0.00000	0.00005	0.00000	0.00732	0.12194	0.39767	0.04311	0.20532	0.64217	0.68273	0.39985	0.05409	0.14099	0.00382	0.07546	0.00005	0.02465	0.01129	0.00000	0.38326	0.02266	0.00000
0.00000	0.00842	0.00000	0.00000	0.00000	0.00000	0.00000	0.77244	0.10693	0.02194	0.33052	0.02449	0.02331	0.29722	0.22449	0.00000	0.00761	0.00000	0.00000	0.00000	0.00378	0.05128	0.25231	0.01195	0.08636	0.48781	0.51348	0.23103	0.02916	0.05083	0.00501	0.03670	0.00000	0.00248	0.05570	0.00000	0.30483	0.00000	0.00000
0.00000	0.00335	0.00000	0.00000	0.00000	0.00000	0.00000	0.01297	0.08611	0.07584	0.30096	0.10462	0.02653	0.34253	0.36734	0.00000	0.04613	0.00000	0.00000	0.00000	0.00430	0.09407	0.23028	0.05913	0.09879	0.53911	0.56579	0.22219	0.06113	0.05476	0.00000	0.03267	0.00000	0.00283	0.00000	0.00000	0.26962	0.00000	0.00000
0.00000	0.00335	0.00000	0.00000	0.00000	0.00000	0.00000	0.01297	0.08611	0.07584	0.30096	0.10462	0.02653	0.34253	0.36734	0.00000	0.04613	0.00000	0.00000	0.00000	0.00430	0.09407	0.23028	0.05913	0.09879	0.53911	0.56579	0.22219	0.06113	0.05476	0.00000	0.03267	0.00000	0.00283	0.00000	0.00000	0.26962	0.00000	0.00000
0.00025	0.03290	0.00000	0.00018	0.00095	0.00000	0.00000	0.13074	0.11115	0.06231	0.46543	0.08497	0.03086	0.46938	0.44955	0.00000	0.02121	0.00000	0.00009	0.00000	0.00647	0.14206	0.34652	0.03149	0.19148	0.70879	0.73987	0.35233	0.07184	0.15122	0.01801	0.09449	0.00008	0.00387	0.01965	0.00000	0.35773	0.00065	0.00000
0.00000	0.06426	0.00000	0.00000	0.00000	0.00000	0.00000	0.02452	0.08578	0.05890	0.40735	0.14563	0.02746	0.28752	0.32124	0.00000	0.02511	0.00000	0.00002	0.00000	0.00446	0.10895	0.32772	0.04014	0.21074	0.45886	0.48793	0.26246	0.05814	0.15728	0.87885	0.06774	0.00000	0.00292	0.08370	0.00000	0.35166	0.00000	0.00000
0.00002	0.12749	0.00000	0.00000	0.00000	0.00000	0.00000	0.05545	0.14352	0.10751	0.57867	0.23950	0.03301	0.40620	0.45269	0.00000	0.04225	0.00000	0.00091	0.00000	0.00558	0.19362	0.47748	0.07380	0.27113	0.61101	0.64717	0.37047	0.12501	0.24256	0.83900	0.14684	0.00003	0.00352	0.17571	0.00000	0.50939	0.00000	0.00000
0.00232	0.69431	0.00000	0.00161	0.00270	0.00000	0.00000	0.65395	0.05464	0.60842	0.27127	0.44704	0.00212	0.19122	0.13020	0.00000	0.07303	0.00000	0.00359	0.00000	0.01409	0.66613	0.23429	0.27557	0.14750	0.16500	0.15232	0.08416	0.67876	0.33338	0.80900	0.67295	0.00082	0.00023	0.85964	0.00000	0.35599	0.00000	0.00000
0.00028	0.17293	0.00000	0.00020	0.00000	0.00000	0.00000	0.04526	0.01633	0.05105	0.03779	0.34163	0.00000	0.21841	0.36379	0.00000	0.00157	0.00000	0.00010	0.00000	0.00161	0.07666	0.10803	0.02616	0.03772	0.06260	0.06328	0.03561	0.10224	0.53193	0.06951	0.11343	0.00009	0.00085	0.90113	0.00000	0.00573	0.00000	0.00000
0.00077	0.18158	0.00000	0.00053	0.00019	0.00000	0.00000	0.74145	0.16653	0.15467	0.52381	0.17394	0.02133	0.08865	0.08563	0.00000	0.02531	0.00000	0.00175	0.00000	0.00810	0.20395	0.44784	0.10934	0.17471	0.28008	0.30099	0.25127	0.20292	0.10994	0.83758	0.22449	0.00029	0.00227	0.83168	0.00000	0.60167	0.00000	0.00000
0.00000	0.02146	0.00000	0.00000	0.00000	0.00000	0.00000	0.00008	0.00000	0.00299	0.01490	0.00682	0.00000	0.00000	0.00815	0.00000	0.00237	0.00000	0.00000	0.00000	0.00000	0.00117	0.01409	0.00285	0.01409	0.00000	0.00000	0.00000	0.00152	0.01578	0.96723	0.00880	0.00000	0.00000	0.01540	0.00000	0.03309	0.00208	0.00000
0.00000	0.02146	0.00000	0.00000	0.00000	0.00000	0.00000	0.00008	0.00000	0.00299	0.01490	0.00682	0.00000	0.00000	0.00815	0.00000	0.00237	0.00000	0.00000	0.00000	0.00000	0.00117	0.01409	0.00285	0.01409	0.00000	0.00000	0.00000	0.00152	0.01578	0.96723	0.00880	0.00000	0.00000	0.01540	0.00000	0.03309	0.00208	0.00000
0.00001	0.07580	0.00000	0.00000	0.00000	0.00000	0.00000	0.66459	0.04104	0.05907	0.19749	0.05504	0.00000	0.00741	0.05097	0.00000	0.00511	0.00000	0.00022	0.00000	0.00005	0.06914	0.18170	0.05104	0.12538	0.04413	0.04560	0.04547	0.06965	0.03641	0.76318	0.07696	0.00001	0.00000	0.31731	0.00000	0.23193	0.00086	0.00000
0.00001	0.10237	0.00000	0.00000	0.00000	0.00000	0.00000	0.14087	0.01016	0.04040	0.08732	0.06110	0.00000	0.00607	0.07689	0.00000	0.00905	0.00000	0.00038	0.00000	0.00009	0.04957	0.08358	0.03444	0.08429	0.00953	0.01171	0.00588	0.04864	0.08727	0.84908	0.05857	0.00001	0.00000	0.85454	0.00000	0.11556	0.00207	0.00000
0.00003	0.13189	0.00000	0.00000	0.00000	0.00000	0.00000	0.15082	0.01345	0.06896	0.12040	0.07921	0.00218	0.00620	0.06775	0.00000	0.01456	0.00000	0.00105	0.00000	0.00061	0.07535	0.11817	0.05332	0.11220	0.01639	0.02152	0.00843	0.08543	0.08327	0.86869	0.09380	0.00003	0.00023	0.86935	0.00000	0.17865	0.00229	0.00000
0.00001	0.10242	0.00000	0.00000	0.00000	0.00000	0.00000	0.13989	0.01014	0.04023	0.08646	0.05965	0.00000	0.00552	0.07635	0.00000	0.00895	0.00000	0.00038	0.00000	0.00009	0.04888	0.08289	0.03419	0.08348	0.00893	0.01111	0.00535	0.04839	0.08682	0.84886	0.05811	0.00001	0.00000	0.85395	0.00000	0.11524	0.00210	0.00000
0.00000	0.02146	0.00000	0.00000	0.00000	0.00000	0.00000	0.00008	0.00000	0.00299	0.01490	0.00682	0.00000	0.00000	0.00815	0.00000	0.00237	0.00000	0.00000	0.00000	0.00000	0.00117	0.01409	0.00285	0.01409	0.00000	0.00000	0.00000	0.00152	0.01578	0.96723	0.00880	0.00000	0.00000	0.01540	0.00000	0.03309	0.00208	0.00000
0.00000	0.02146	0.00000	0.00000	0.00000	0.00000	0.00000	0.00008	0.00000	0.00299	0.01490	0.00682	0.00000	0.00000	0.00815	0.00000	0.00237	0.00000	0.00000	0.00000	0.00000	0.00117	0.01409	0.00285	0.01409	0.00000	0.00000	0.00000	0.00152	0.01578	0.96723	0.00880	0.00000	0.00000	0.01540	0.00000	0.03309	0.00208	0.00000
0.00007	0.11716	0.00000	0.00003	0.00000	0.00000	0.00000	0.70213	0.15604	0.10469	0.52417	0.13011	0.01356	0.09773	0.13127	0.00000	0.01978	0.00000	0.00135	0.00000	0.00273	0.14720	0.45199	0.08433	0.20378	0.27245	0.28945	0.25500	0.13097	0.09219	0.84407	0.15223	0.00005	0.00144	0.52667	0.00000	0.56937	0.00000	0.00000
0.00000	0.08520	0.00000	0.00000	0.00000	0.00000	0.00000	0.09120	0.13688	0.06941	0.50615	0.10237	0.02562	0.09494	0.07927	0.00000	0.00795	0.00000	0.00014	0.00000	0.00419	0.10578	0.45836	0.05815	0.23219	0.22412	0.25289	0.23545	0.08836	0.08748	0.92422	0.10705	0.00000	0.00273	0.19041	0.00000	0.53499	0.00000	0.00000
0.00000	0.08520	0.00000	0.00000	0.00000	0.00000	0.00000	0.09115	0.13634	0.06922	0.50539	0.10206	0.02558	0.09474	0.07907	0.00000	0.00784	0.00000	0.00014	0.00000	0.00418	0.10559	0.45724	0.05798	0.23209	0.22457	0.25331	0.23512	0.08820	0.08743	0.92458	0.10700	0.00000	0.00273	0.19058	0.00000	0.53421	0.00000	0.00000
0.00000	0.00078	0.00000	0.00000	0.00000	0.00000	0.00000	0.00766	0.00247	0.07609	0.00730	0.27030	0.00151	0.11681	0.66703	0.00000	0.05191	0.00000	0.00000	0.00000	0.00025	0.06010	0.00714	0.06753	0.00358	0.14788	0.14621	0.00586	0.04931	0.00126	0.00131	0.00114	0.00000	0.00016	0.00000	0.00000	0.00736	0.00000	0.00000
0.00000	0.00078	0.00000	0.00000	0.00000	0.00000	0.00000	0.00000	0.00000	0.07665	0.00000	0.81768	0.00000	0.00195	0.24133	0.00000	0.05226	0.00000	0.00000	0.00000	0.00000	0.05966	0.00101	0.07900	0.00000	0.02973	0.02634	0.00000	0.04939	0.00224	0.00000	0.00073	0.00000	0.00001	0.00071	0.00000	0.00000	0.00000	0.00000
0.00000	0.00078	0.00000	0.00000	0.00000	0.00000	0.00000	0.00000	0.00000	0.07665	0.00000	0.81768	0.00000	0.00195	0.24133	0.00000	0.05226	0.00000	0.00000	0.00000	0.00000	0.05966	0.00101	0.07900	0.00000	0.02973	0.02634	0.00000	0.04939	0.00224	0.00000	0.00073	0.00000	0.00001	0.00071	0.00000	0.00000	0.00000	0.00000
0.00000	0.00078	0.00000	0.00000	0.00000	0.00000	0.00000	0.00000	0.00000	0.07665	0.00000	0.81768	0.00000	0.00195	0.24133	0.00000	0.05226	0.00000	0.00000	0.00000	0.00000	0.05966	0.00101	0.07900	0.00000	0.02973	0.02634	0.00000	0.04939	0.00224	0.00000	0.00073	0.00000	0.00001	0.00071	0.00000	0.00000	0.00000	0.00000
0.00000	0.00078	0.00000	0.00000	0.00000	0.00000	0.00000	0.00000	0.00000	0.07665	0.00000	0.81768	0.00000	0.00195	0.24133	0.00000	0.05226	0.00000	0.00000	0.00000	0.00000	0.05966	0.00101	0.07900	0.00000	0.02973	0.02634	0.00000	0.04939	0.00224	0.00000	0.00073	0.00000	0.00001	0.00071	0.00000	0.00000	0.00000	0.00000
0.00000	0.00201	0.00000	0.00000	0.00000	0.00000	0.00000	0.01171	0.00000	0.07625	0.01771	0.80668	0.00000	0.01712	0.24492	0.00000	0.05089	0.00000	0.00000	0.00000	0.00000	0.06843	0.01304	0.07682	0.01771	0.04602	0.04264	0.01659	0.04958	0.01609	0.00050	0.00627	0.00000	0.00000	0.00066	0.00000	0.00173	0.00000	0.00000
0.00000	0.40207	0.00000	0.00000	0.00000	0.00000	0.00000	0.00503	0.00000	0.34391	0.00000	0.00000	0.00000	0.00000	0.00000	0.00000	0.03431	0.00000	0.00000	0.00000	0.00000	0.26622	0.00000	0.04119	0.00000	0.00000	0.00000	0.00000	0.25018	0.00098	0.00000	0.22086	0.00000	0.00000	0.00000	0.00000	0.00000	0.03016	0.00000
0.00000	0.40207	0.00000	0.00000	0.00000	0.00000	0.00000	0.00503	0.00000	0.34391	0.00000	0.00000	0.00000	0.00000	0.00000	0.00000	0.03431	0.00000	0.00000	0.00000	0.00000	0.26622	0.00000	0.04119	0.00000	0.00000	0.00000	0.00000	0.25018	0.00098	0.00000	0.22086	0.00000	0.00000	0.00000	0.00000	0.00000	0.03016	0.00000
0.00000	0.40207	0.00000	0.00000	0.00000	0.00000	0.00000	0.00503	0.00000	0.34391	0.00000	0.00000	0.00000	0.00000	0.00000	0.00000	0.03431	0.00000	0.00000	0.00000	0.00000	0.26622	0.00000	0.04119	0.00000	0.00000	0.00000	0.00000	0.25018	0.00098	0.00000	0.22086	0.00000	0.00000	0.00000	0.00000	0.00000	0.03016	0.00000
0.00000	0.63460	0.00000	0.00000	0.00000	0.00000	0.00000	0.03134	0.00000	0.60550	0.00000	0.03723	0.00000	0.00000	0.02566	0.00000	0.12272	0.00000	0.00000	0.00000	0.00000	0.32150	0.00000	0.14907	0.00000	0.00988	0.00875	0.00000	0.43578	0.00438	0.00000	0.24181	0.00000	0.00000	0.00356	0.00000	0.00000	0.09260	0.00000
0.00000	0.05064	0.00000	0.00000	0.00000	0.00000	0.00000	0.00000	0.00000	0.12932	0.00000	0.11212	0.00000	0.00000	0.07727	0.00000	0.09428	0.00000	0.00000	0.00000	0.00000	0.08019	0.00000	0.11846	0.00000	0.02975	0.02636	0.00000	0.07582	0.00000	0.00000	0.01218	0.00000	0.00000	0.00000	0.00000	0.00000	0.03690	0.00000
0.03974	0.05696	0.03968	0.03973	0.05512	0.03968	0.03968	0.06570	0.05871	0.06388	0.03984	0.06424	0.03968	0.06624	0.03968	0.03968	0.06819	0.03968	0.03968	0.03968	0.03995	0.05635	0.06690	0.07656	0.03968	0.03968	0.03968	0.05607	0.05832	0.05468	0.08409	0.06004	0.03968	0.05570	0.08535	0.03968	0.03968	0.05579	0.03968
0.00000	0.04195	0.00000	0.00000	0.00000	0.00000	0.00000	0.05310	0.01406	0.00988	0.00000	0.00903	0.00000	0.00000	0.06316	0.00000	0.00488	0.00000	0.00000	0.00000	0.00000	0.00331	0.00000	0.00586	0.00000	0.00000	0.00267	0.00000	0.00636	0.03543	0.00000	0.00224	0.00000	0.00000	0.95084	0.00000	0.00000	0.00429	0.00000
0.00000	0.10438	0.00000	0.00000	0.00000	0.00000	0.00000	0.08437	0.01549	0.01553	0.02931	0.20370	0.00023	0.16726	0.62427	0.00000	0.00338	0.00000	0.00000	0.00000	0.00004	0.02875	0.04282	0.01019	0.02873	0.12940	0.13228	0.02736	0.02137	0.21578	0.00001	0.02767	0.00000	0.00025	0.86907	0.00000	0.00390	0.00000	0.00000
0.00000	0.04195	0.00000	0.00000	0.00000	0.00000	0.00000	0.05310	0.01406	0.00988	0.00000	0.00903	0.00000	0.00000	0.06316	0.00000	0.00488	0.00000	0.00000	0.00000	0.00000	0.00331	0.00000	0.00586	0.00000	0.00000	0.00267	0.00000	0.00636	0.03543	0.00000	0.00224	0.00000	0.00000	0.95084	0.00000	0.00000	0.00429	0.00000
0.00000	0.03495	0.00000	0.00000	0.00000	0.00000	0.00000	0.87162	0.02755	0.01024	0.00922	0.01916	0.00000	0.00000	0.06314	0.00000	0.00130	0.00000	0.00000	0.00000	0.00000	0.00194	0.00922	0.00156	0.00922	0.00004	0.00202	0.00000	0.00814	0.02635	0.00171	0.00147	0.00000	0.00000	0.81590	0.00000	0.00864	0.00108	0.00000
0.00000	0.03495	0.00000	0.00000	0.00000	0.00000	0.00000	0.87155	0.02756	0.01024	0.00922	0.01921	0.00000	0.00000	0.06319	0.00000	0.00130	0.00000	0.00000	0.00000	0.00000	0.00194	0.00922	0.00156	0.00922	0.00004	0.00202	0.00000	0.00814	0.02635	0.00171	0.00147	0.00000	0.00000	0.81592	0.00000	0.00864	0.00108	0.00000
0.00000	0.10111	0.00000	0.00000	0.00000	0.00000	0.00000	0.04171	0.01619	0.01064	0.01394	0.18727	0.00000	0.11552	0.62711	0.00000	0.00085	0.00000	0.00000	0.00000	0.00000	0.01764	0.03319	0.00754	0.01394	0.07217	0.07521	0.01312	0.01743	0.20039	0.00000	0.02367	0.00000	0.00024	0.86030	0.00000	0.00136	0.00000	0.00000
0.00000	0.00033	0.00000	0.00000	0.00000	0.00000	0.00000	0.96293	0.00717	0.00532	0.00331	0.00793	0.00000	0.00320	0.00750	0.00000	0.00644	0.00000	0.00000	0.00000	0.00000	0.00581	0.00244	0.00747	0.00331	0.00510	0.00487	0.00310	0.00356	0.00301	0.00000	0.00117	0.00000	0.00000	0.04919	0.00000	0.00032	0.00000	0.00000
0.00000	0.00028	0.00000	0.00000	0.00000	0.00000	0.00000	0.96293	0.00716	0.00527	0.00332	0.00793	0.00000	0.00321	0.00751	0.00000	0.00645	0.00000	0.00000	0.00000	0.00000	0.00581	0.00244	0.00748	0.00332	0.00511	0.00488	0.00311	0.00352	0.00301	0.00000	0.00118	0.00000	0.00000	0.04919	0.00000	0.00032	0.00000	0.00000
0.00000	0.00029	0.00000	0.00000	0.00000	0.00000	0.00000	0.96287	0.00715	0.00530	0.00332	0.00797	0.00000	0.00321	0.00753	0.00000	0.00649	0.00000	0.00000	0.00000	0.00000	0.00583	0.00245	0.00753	0.00332	0.00512	0.00489	0.00311	0.00354	0.00302	0.00000	0.00118	0.00000	0.00000	0.04916	0.00000	0.00033	0.00000	0.00000
0.00000	0.00029	0.00000	0.00000	0.00000	0.00000	0.00000	0.96288	0.00716	0.00530	0.00332	0.00797	0.00000	0.00321	0.00753	0.00000	0.00651	0.00000	0.00000	0.00000	0.00000	0.00583	0.00244	0.00755	0.00332	0.00512	0.00489	0.00311	0.00354	0.00301	0.00000	0.00118	0.00000	0.00000	0.04914	0.00000	0.00032	0.00000	0.00000
0.00000	0.00028	0.00000	0.00000	0.00000	0.00000	0.00000	0.96291	0.00716	0.00525	0.00332	0.00790	0.00000	0.00321	0.00749	0.00000	0.00644	0.00000	0.00000	0.00000	0.00000	0.00580	0.00244	0.00747	0.00332	0.00510	0.00487	0.00311	0.00351	0.00301	0.00000	0.00118	0.00000	0.00000	0.04916	0.00000	0.00032	0.00000	0.00000
0.00000	0.00028	0.00000	0.00000	0.00000	0.00000	0.00000	0.96294	0.00717	0.00522	0.00331	0.00785	0.00000	0.00320	0.00745	0.00000	0.00646	0.00000	0.00000	0.00000	0.00000	0.00577	0.00244	0.00748	0.00331	0.00509	0.00486	0.00310	0.00349	0.00301	0.00000	0.00117	0.00000	0.00000	0.04917	0.00000	0.00032	0.00000	0.00000
0.00000	0.00028	0.00000	0.00000	0.00000	0.00000	0.00000	0.96295	0.00716	0.00525	0.00332	0.00789	0.00000	0.00321	0.00748	0.00000	0.00645	0.00000	0.00000	0.00000	0.00000	0.00579	0.00244	0.00748	0.00332	0.00510	0.00487	0.00311	0.00351	0.00301	0.00000	0.00117	0.00000	0.00000	0.04919	0.00000	0.00032	0.00000	0.00000
0.00000	0.00037	0.00000	0.00000	0.00000	0.00000	0.00000	0.96289	0.00716	0.00533	0.00332	0.00790	0.00000	0.00321	0.00748	0.00000	0.00639	0.00000	0.00000	0.00000	0.00000	0.00580	0.00245	0.00742	0.00332	0.00510	0.00487	0.00311	0.00358	0.00302	0.00000	0.00118	0.00000	0.00000	0.04917	0.00000	0.00033	0.00000	0.00000
0.00000	0.00029	0.00000	0.00000	0.00000	0.00000	0.00000	0.96285	0.00716	0.00527	0.00332	0.00792	0.00000	0.00321	0.00750	0.00000	0.00647	0.00000	0.00000	0.00000	0.00000	0.00581	0.00245	0.00750	0.00332	0.00511	0.00488	0.00311	0.00352	0.00302	0.00000	0.00118	0.00000	0.00000	0.04917	0.00000	0.00033	0.00000	0.00000
0.00000	0.03494	0.00000	0.00000	0.00000	0.00000	0.00000	0.87158	0.02757	0.01024	0.00921	0.01924	0.00000	0.00000	0.06320	0.00000	0.00130	0.00000	0.00000	0.00000	0.00000	0.00193	0.00921	0.00156	0.00921	0.00004	0.00202	0.00000	0.00814	0.02634	0.00171	0.00147	0.00000	0.00000	0.81585	0.00000	0.00863	0.00107	0.00000
0.00046	0.14826	0.00000	0.00031	0.00001	0.00000	0.00000	0.73044	0.08827	0.11630	0.29673	0.11668	0.00552	0.02295	0.05706	0.00000	0.01745	0.00000	0.00118	0.00000	0.00368	0.14092	0.27071	0.08312	0.13226	0.08947	0.09478	0.10143	0.14712	0.07730	0.82600	0.15755	0.00017	0.00059	0.86387	0.00000	0.35800	0.00053	0.00000
0.00000	0.03494	0.00000	0.00000	0.00000	0.00000	0.00000	0.87187	0.02754	0.01023	0.00919	0.01912	0.00000	0.00000	0.06309	0.00000	0.00129	0.00000	0.00000	0.00000	0.00000	0.00193	0.00919	0.00156	0.00919	0.00004	0.00202	0.00000	0.00813	0.02635	0.00171	0.00147	0.00000	0.00000	0.81570	0.00000	0.00862	0.00107	0.00000
0.00000	0.00028	0.00000	0.00000	0.00000	0.00000	0.00000	0.96294	0.00716	0.00523	0.00332	0.00787	0.00000	0.00321	0.00747	0.00000	0.00644	0.00000	0.00000	0.00000	0.00000	0.00578	0.00244	0.00747	0.00332	0.00510	0.00487	0.00311	0.00350	0.00302	0.00000	0.00118	0.00000	0.00000	0.04918	0.00000	0.00033	0.00000	0.00000
0.00000	0.00221	0.00000	0.00000	0.00000	0.00000	0.00000	0.97011	0.00718	0.00638	0.02919	0.01473	0.00000	0.01607	0.02125	0.00000	0.00314	0.00000	0.00000	0.00000	0.00000	0.01354	0.02481	0.00408	0.02919	0.01781	0.01753	0.01557	0.00483	0.01510	0.00564	0.00589	0.00000	0.00000	0.06032	0.00000	0.01341	0.00000	0.00000
0.00000	0.00028	0.00000	0.00000	0.00000	0.00000	0.00000	0.96299	0.00716	0.00518	0.00332	0.00779	0.00000	0.00321	0.00741	0.00000	0.00641	0.00000	0.00000	0.00000	0.00000	0.00574	0.00245	0.00742	0.00332	0.00508	0.00485	0.00311	0.00346	0.00302	0.00000	0.00118	0.00000	0.00000	0.04922	0.00000	0.00033	0.00000	0.00000
0.00000	0.00028	0.00000	0.00000	0.00000	0.00000	0.00000	0.96292	0.00716	0.00526	0.00332	0.00791	0.00000	0.00321	0.00749	0.00000	0.00648	0.00000	0.00000	0.00000	0.00000	0.00580	0.00244	0.00751	0.00332	0.00511	0.00487	0.00311	0.00352	0.00301	0.00000	0.00117	0.00000	0.00000	0.04917	0.00000	0.00032	0.00000	0.00000
0.00000	0.00029	0.00000	0.00000	0.00000	0.00000	0.00000	0.96295	0.00717	0.00524	0.00332	0.00786	0.00000	0.00321	0.00746	0.00000	0.00645	0.00000	0.00000	0.00000	0.00000	0.00578	0.00245	0.00747	0.00332	0.00510	0.00487	0.00311	0.00350	0.00302	0.00000	0.00118	0.00000	0.00000	0.04918	0.00000	0.00033	0.00000	0.00000
0.00000	0.03496	0.00000	0.00000	0.00000	0.00000	0.00000	0.87136	0.02754	0.01024	0.00922	0.01911	0.00000	0.00000	0.06310	0.00000	0.00130	0.00000	0.00000	0.00000	0.00000	0.00194	0.00922	0.00156	0.00922	0.00004	0.00202	0.00000	0.00814	0.02636	0.00171	0.00147	0.00000	0.00000	0.81607	0.00000	0.00864	0.00108	0.00000
0.00000	0.00034	0.00000	0.00000	0.00000	0.00000	0.00000	0.96299	0.00716	0.00527	0.00331	0.00785	0.00000	0.00321	0.00745	0.00000	0.00646	0.00000	0.00000	0.00000	0.00000	0.00577	0.00244	0.00748	0.00331	0.00509	0.00486	0.00311	0.00354	0.00301	0.00000	0.00117	0.00000	0.00000	0.04923	0.00000	0.00032	0.00000	0.00000
0.00000	0.00049	0.00000	0.00000	0.00000	0.00000	0.00000	0.96301	0.00717	0.00540	0.00331	0.00781	0.00000	0.00320	0.00742	0.00000	0.00641	0.00000	0.00000	0.00000	0.00000	0.00574	0.00244	0.00743	0.00331	0.00507	0.00484	0.00310	0.00365	0.00301	0.00000	0.00117	0.00000	0.00000	0.04923	0.00000	0.00032	0.00000	0.00000
0.00000	0.11792	0.00000	0.00000	0.11806	0.00000	0.00000	0.00837	0.00000	0.26933	0.00000	0.11212	0.00000	0.00000	0.07727	0.00000	0.68469	0.00000	0.00000	0.00000	0.00000	0.10930	0.00000	0.74351	0.00000	0.02975	0.02636	0.00000	0.11275	0.00002	0.00000	0.02999	0.00000	0.00268	0.00000	0.00000	0.00000	0.08463	0.00000
0.00000	0.45366	0.00000	0.00000	0.00000	0.00000	0.00000	0.04591	0.00000	0.47176	0.00000	0.10856	0.00000	0.00000	0.07482	0.00000	0.12748	0.00000	0.00000	0.00000	0.00000	0.34506	0.00000	0.15814	0.00000	0.02880	0.02552	0.00000	0.32504	0.00098	0.00000	0.23344	0.00000	0.00000	0.00000	0.00000	0.00000	0.06754	0.00000
0.00000	0.02146	0.00000	0.00000	0.00000	0.00000	0.00000	0.00008	0.00000	0.00299	0.01490	0.00682	0.00000	0.00000	0.00815	0.00000	0.00237	0.00000	0.00000	0.00000	0.00000	0.00117	0.01409	0.00285	0.01409	0.00000	0.00000	0.00000	0.00152	0.01578	0.96723	0.00880	0.00000	0.00000	0.01540	0.00000	0.03309	0.00208	0.00000
0.00000	0.02146	0.00000	0.00000	0.00000	0.00000	0.00000	0.00008	0.00000	0.00299	0.01490	0.00682	0.00000	0.00000	0.00815	0.00000	0.00237	0.00000	0.00000	0.00000	0.00000	0.00117	0.01409	0.00285	0.01409	0.00000	0.00000	0.00000	0.00152	0.01578	0.96723	0.00880	0.00000	0.00000	0.01540	0.00000	0.03309	0.00208	0.00000
0.00000	0.02146	0.00000	0.00000	0.00000	0.00000	0.00000	0.00008	0.00000	0.00299	0.01490	0.00682	0.00000	0.00000	0.00815	0.00000	0.00237	0.00000	0.00000	0.00000	0.00000	0.00117	0.01409	0.00285	0.01409	0.00000	0.00000	0.00000	0.00152	0.01578	0.96723	0.00880	0.00000	0.00000	0.01540	0.00000	0.03309	0.00208	0.00000
0.00000	0.02146	0.00000	0.00000	0.00000	0.00000	0.00000	0.00008	0.00000	0.00299	0.01490	0.00682	0.00000	0.00000	0.00815	0.00000	0.00237	0.00000	0.00000	0.00000	0.00000	0.00117	0.01409	0.00285	0.01409	0.00000	0.00000	0.00000	0.00152	0.01578	0.96723	0.00880	0.00000	0.00000	0.01540	0.00000	0.03309	0.00208	0.00000
0.00004	0.14840	0.00000	0.00000	0.00000	0.00000	0.00000	0.30982	0.14567	0.10207	0.49456	0.15912	0.02205	0.07022	0.10534	0.00000	0.02055	0.00000	0.00162	0.00000	0.00397	0.13456	0.42531	0.08263	0.18919	0.25888	0.28672	0.22933	0.13902	0.09429	0.87947	0.15854	0.00005	0.00235	0.85502	0.00000	0.57757	0.00000	0.00000
0.00000	0.02146	0.00000	0.00000	0.00000	0.00000	0.00000	0.00008	0.00000	0.00299	0.01490	0.00682	0.00000	0.00000	0.00815	0.00000	0.00237	0.00000	0.00000	0.00000	0.00000	0.00117	0.01409	0.00285	0.01409	0.00000	0.00000	0.00000	0.00152	0.01578	0.96723	0.00880	0.00000	0.00000	0.01540	0.00000	0.03309	0.00208	0.00000
0.00000	0.02146	0.00000	0.00000	0.00000	0.00000	0.00000	0.00008	0.00000	0.00299	0.01490	0.00682	0.00000	0.00000	0.00815	0.00000	0.00237	0.00000	0.00000	0.00000	0.00000	0.00117	0.01409	0.00285	0.01409	0.00000	0.00000	0.00000	0.00152	0.01578	0.96723	0.00880	0.00000	0.00000	0.01540	0.00000	0.03309	0.00208	0.00000
0.00000	0.02146	0.00000	0.00000	0.00000	0.00000	0.00000	0.00008	0.00000	0.00299	0.01490	0.00682	0.00000	0.00000	0.00815	0.00000	0.00237	0.00000	0.00000	0.00000	0.00000	0.00117	0.01409	0.00285	0.01409	0.00000	0.00000	0.00000	0.00152	0.01578	0.96723	0.00880	0.00000	0.00000	0.01540	0.00000	0.03309	0.00208	0.00000
0.00000	0.02146	0.00000	0.00000	0.00000	0.00000	0.00000	0.00008	0.00000	0.00299	0.01490	0.00682	0.00000	0.00000	0.00815	0.00000	0.00237	0.00000	0.00000	0.00000	0.00000	0.00117	0.01409	0.00285	0.01409	0.00000	0.00000	0.00000	0.00152	0.01578	0.96723	0.00880	0.00000	0.00000	0.01540	0.00000	0.03309	0.00208	0.00000
0.00000	0.02146	0.00000	0.00000	0.00000	0.00000	0.00000	0.00008	0.00000	0.00299	0.01490	0.00682	0.00000	0.00000	0.00815	0.00000	0.00237	0.00000	0.00000	0.00000	0.00000	0.00117	0.01409	0.00285	0.01409	0.00000	0.00000	0.00000	0.00152	0.01578	0.96723	0.00880	0.00000	0.00000	0.01540	0.00000	0.03309	0.00208	0.00000
0.00000	0.02146	0.00000	0.00000	0.00000	0.00000	0.00000	0.00008	0.00000	0.00299	0.01490	0.00682	0.00000	0.00000	0.00815	0.00000	0.00237	0.00000	0.00000	0.00000	0.00000	0.00117	0.01409	0.00285	0.01409	0.00000	0.00000	0.00000	0.00152	0.01578	0.96723	0.00880	0.00000	0.00000	0.01540	0.00000	0.03309	0.00208	0.00000
0.00000	0.02146	0.00000	0.00000	0.00000	0.00000	0.00000	0.00008	0.00000	0.00299	0.01490	0.00682	0.00000	0.00000	0.00815	0.00000	0.00237	0.00000	0.00000	0.00000	0.00000	0.00117	0.01409	0.00285	0.01409	0.00000	0.00000	0.00000	0.00152	0.01578	0.96723	0.00880	0.00000	0.00000	0.01540	0.00000	0.03309	0.00208	0.00000
0.00000	0.02146	0.00000	0.00000	0.00000	0.00000	0.00000	0.00008	0.00000	0.00299	0.01490	0.00682	0.00000	0.00000	0.00815	0.00000	0.00237	0.00000	0.00000	0.00000	0.00000	0.00117	0.01409	0.00285	0.01409	0.00000	0.00000	0.00000	0.00152	0.01578	0.96723	0.00880	0.00000	0.00000	0.01540	0.00000	0.03309	0.00208	0.00000
0.00000	0.02146	0.00000	0.00000	0.00000	0.00000	0.00000	0.00008	0.00000	0.00299	0.01490	0.00682	0.00000	0.00000	0.00815	0.00000	0.00237	0.00000	0.00000	0.00000	0.00000	0.00117	0.01409	0.00285	0.01409	0.00000	0.00000	0.00000	0.00152	0.01578	0.96723	0.00880	0.00000	0.00000	0.01540	0.00000	0.03309	0.00208	0.00000
0.00000	0.02146	0.00000	0.00000	0.00000	0.00000	0.00000	0.00008	0.00000	0.00299	0.01490	0.00682	0.00000	0.00000	0.00815	0.00000	0.00237	0.00000	0.00000	0.00000	0.00000	0.00117	0.01409	0.00285	0.01409	0.00000	0.00000	0.00000	0.00152	0.01578	0.96723	0.00880	0.00000	0.00000	0.01540	0.00000	0.03309	0.00208	0.00000
0.00000	0.02146	0.00000	0.00000	0.00000	0.00000	0.00000	0.00008	0.00000	0.00299	0.01490	0.00682	0.00000	0.00000	0.00815	0.00000	0.00237	0.00000	0.00000	0.00000	0.00000	0.00117	0.01409	0.00285	0.01409	0.00000	0.00000	0.00000	0.00152	0.01578	0.96723	0.00880	0.00000	0.00000	0.01540	0.00000	0.03309	0.00208	0.00000
0.00000	0.02146	0.00000	0.00000	0.00000	0.00000	0.00000	0.00008	0.00000	0.00299	0.01490	0.00682	0.00000	0.00000	0.00815	0.00000	0.00237	0.00000	0.00000	0.00000	0.00000	0.00117	0.01409	0.00285	0.01409	0.00000	0.00000	0.00000	0.00152	0.01578	0.96723	0.00880	0.00000	0.00000	0.01540	0.00000	0.03309	0.00208	0.00000
0.00000	0.02146	0.00000	0.00000	0.00000	0.00000	0.00000	0.00008	0.00000	0.00299	0.01490	0.00682	0.00000	0.00000	0.00815	0.00000	0.00237	0.00000	0.00000	0.00000	0.00000	0.00117	0.01409	0.00285	0.01409	0.00000	0.00000	0.00000	0.00152	0.01578	0.96723	0.00880	0.00000	0.00000	0.01540	0.00000	0.03309	0.00208	0.00000
0.00000	0.02146	0.00000	0.00000	0.00000	0.00000	0.00000	0.00008	0.00000	0.00299	0.01490	0.00682	0.00000	0.00000	0.00815	0.00000	0.00237	0.00000	0.00000	0.00000	0.00000	0.00117	0.01409	0.00285	0.01409	0.00000	0.00000	0.00000	0.00152	0.01578	0.96723	0.00880	0.00000	0.00000	0.01540	0.00000	0.03309	0.00208	0.00000
0.00000	0.02146	0.00000	0.00000	0.00000	0.00000	0.00000	0.00008	0.00000	0.00299	0.01490	0.00682	0.00000	0.00000	0.00815	0.00000	0.00237	0.00000	0.00000	0.00000	0.00000	0.00117	0.01409	0.00285	0.01409	0.00000	0.00000	0.00000	0.00152	0.01578	0.96723	0.00880	0.00000	0.00000	0.01540	0.00000	0.03309	0.00208	0.00000
0.00000	0.02146	0.00000	0.00000	0.00000	0.00000	0.00000	0.00008	0.00000	0.00299	0.01490	0.00682	0.00000	0.00000	0.00815	0.00000	0.00237	0.00000	0.00000	0.00000	0.00000	0.00117	0.01409	0.00285	0.01409	0.00000	0.00000	0.00000	0.00152	0.01578	0.96723	0.00880	0.00000	0.00000	0.01540	0.00000	0.03309	0.00208	0.00000
0.00000	0.02146	0.00000	0.00000	0.00000	0.00000	0.00000	0.00008	0.00000	0.00299	0.01490	0.00682	0.00000	0.00000	0.00815	0.00000	0.00237	0.00000	0.00000	0.00000	0.00000	0.00117	0.01409	0.00285	0.01409	0.00000	0.00000	0.00000	0.00152	0.01578	0.96723	0.00880	0.00000	0.00000	0.01540	0.00000	0.03309	0.00208	0.00000
0.00000	0.02146	0.00000	0.00000	0.00000	0.00000	0.00000	0.00008	0.00000	0.00299	0.01490	0.00682	0.00000	0.00000	0.00815	0.00000	0.00237	0.00000	0.00000	0.00000	0.00000	0.00117	0.01409	0.00285	0.01409	0.00000	0.00000	0.00000	0.00152	0.01578	0.96723	0.00880	0.00000	0.00000	0.01540	0.00000	0.03309	0.00208	0.00000
0.00000	0.02146	0.00000	0.00000	0.00000	0.00000	0.00000	0.00008	0.00000	0.00299	0.01490	0.00682	0.00000	0.00000	0.00815	0.00000	0.00237	0.00000	0.00000	0.00000	0.00000	0.00117	0.01409	0.00285	0.01409	0.00000	0.00000	0.00000	0.00152	0.01578	0.96723	0.00880	0.00000	0.00000	0.01540	0.00000	0.03309	0.00208	0.00000
0.00000	0.02146	0.00000	0.00000	0.00000	0.00000	0.00000	0.00008	0.00000	0.00299	0.01490	0.00682	0.00000	0.00000	0.00815	0.00000	0.00237	0.00000	0.00000	0.00000	0.00000	0.00117	0.01409	0.00285	0.01409	0.00000	0.00000	0.00000	0.00152	0.01578	0.96723	0.00880	0.00000	0.00000	0.01540	0.00000	0.03309	0.00208	0.00000
0.00000	0.02146	0.00000	0.00000	0.00000	0.00000	0.00000	0.00008	0.00000	0.00299	0.01490	0.00682	0.00000	0.00000	0.00815	0.00000	0.00237	0.00000	0.00000	0.00000	0.00000	0.00117	0.01409	0.00285	0.01409	0.00000	0.00000	0.00000	0.00152	0.01578	0.96723	0.00880	0.00000	0.00000	0.01540	0.00000	0.03309	0.00208	0.00000
0.00000	0.02146	0.00000	0.00000	0.00000	0.00000	0.00000	0.00008	0.00000	0.00299	0.01490	0.00682	0.00000	0.00000	0.00815	0.00000	0.00237	0.00000	0.00000	0.00000	0.00000	0.00117	0.01409	0.00285	0.01409	0.00000	0.00000	0.00000	0.00152	0.01578	0.96723	0.00880	0.00000	0.00000	0.01540	0.00000	0.03309	0.00208	0.00000
0.00000	0.02146	0.00000	0.00000	0.00000	0.00000	0.00000	0.00008	0.00000	0.00299	0.01490	0.00682	0.00000	0.00000	0.00815	0.00000	0.00237	0.00000	0.00000	0.00000	0.00000	0.00117	0.01409	0.00285	0.01409	0.00000	0.00000	0.00000	0.00152	0.01578	0.96723	0.00880	0.00000	0.00000	0.01540	0.00000	0.03309	0.00208	0.00000
0.00000	0.02146	0.00000	0.00000	0.00000	0.00000	0.00000	0.00008	0.00000	0.00299	0.01490	0.00682	0.00000	0.00000	0.00815	0.00000	0.00237	0.00000	0.00000	0.00000	0.00000	0.00117	0.01409	0.00285	0.01409	0.00000	0.00000	0.00000	0.00152	0.01578	0.96723	0.00880	0.00000	0.00000	0.01540	0.00000	0.03309	0.00208	0.00000
0.00000	0.02146	0.00000	0.00000	0.00000	0.00000	0.00000	0.00008	0.00000	0.00299	0.01490	0.00682	0.00000	0.00000	0.00815	0.00000	0.00237	0.00000	0.00000	0.00000	0.00000	0.00117	0.01409	0.00285	0.01409	0.00000	0.00000	0.00000	0.00152	0.01578	0.96723	0.00880	0.00000	0.00000	0.01540	0.00000	0.03309	0.00208	0.00000
0.00000	0.02146	0.00000	0.00000	0.00000	0.00000	0.00000	0.00008	0.00000	0.00299	0.01490	0.00682	0.00000	0.00000	0.00815	0.00000	0.00237	0.00000	0.00000	0.00000	0.00000	0.00117	0.01409	0.00285	0.01409	0.00000	0.00000	0.00000	0.00152	0.01578	0.96723	0.00880	0.00000	0.00000	0.01540	0.00000	0.03309	0.00208	0.00000
0.00000	0.02146	0.00000	0.00000	0.00000	0.00000	0.00000	0.00008	0.00000	0.00299	0.01490	0.00682	0.00000	0.00000	0.00815	0.00000	0.00237	0.00000	0.00000	0.00000	0.00000	0.00117	0.01409	0.00285	0.01409	0.00000	0.00000	0.00000	0.00152	0.01578	0.96723	0.00880	0.00000	0.00000	0.01540	0.00000	0.03309	0.00208	0.00000
0.00000	0.02146	0.00000	0.00000	0.00000	0.00000	0.00000	0.00008	0.00000	0.00299	0.01490	0.00682	0.00000	0.00000	0.00815	0.00000	0.00237	0.00000	0.00000	0.00000	0.00000	0.00117	0.01409	0.00285	0.01409	0.00000	0.00000	0.00000	0.00152	0.01578	0.96723	0.00880	0.00000	0.00000	0.01540	0.00000	0.03309	0.00208	0.00000
0.00000	0.02146	0.00000	0.00000	0.00000	0.00000	0.00000	0.00008	0.00000	0.00299	0.01490	0.00682	0.00000	0.00000	0.00815	0.00000	0.00237	0.00000	0.00000	0.00000	0.00000	0.00117	0.01409	0.00285	0.01409	0.00000	0.00000	0.00000	0.00152	0.01578	0.96723	0.00880	0.00000	0.00000	0.01540	0.00000	0.03309	0.00208	0.00000
0.00000	0.02146	0.00000	0.00000	0.00000	0.00000	0.00000	0.00008	0.00000	0.00299	0.01490	0.00682	0.00000	0.00000	0.00815	0.00000	0.00237	0.00000	0.00000	0.00000	0.00000	0.00117	0.01409	0.00285	0.01409	0.00000	0.00000	0.00000	0.00152	0.01578	0.96723	0.00880	0.00000	0.00000	0.01540	0.00000	0.03309	0.00208	0.00000
0.00000	0.02146	0.00000	0.00000	0.00000	0.00000	0.00000	0.00008	0.00000	0.00299	0.01490	0.00682	0.00000	0.00000	0.00815	0.00000	0.00237	0.00000	0.00000	0.00000	0.00000	0.00117	0.01409	0.00285	0.01409	0.00000	0.00000	0.00000	0.00152	0.01578	0.96723	0.00880	0.00000	0.00000	0.01540	0.00000	0.03309	0.00208	0.00000
0.00000	0.02146	0.00000	0.00000	0.00000	0.00000	0.00000	0.00008	0.00000	0.00299	0.01490	0.00682	0.00000	0.00000	0.00815	0.00000	0.00237	0.00000	0.00000	0.00000	0.00000	0.00117	0.01409	0.00285	0.01409	0.00000	0.00000	0.00000	0.00152	0.01578	0.96723	0.00880	0.00000	0.00000	0.01540	0.00000	0.03309	0.00208	0.00000
0.00000	0.02146	0.00000	0.00000	0.00000	0.00000	0.00000	0.00008	0.00000	0.00299	0.01490	0.00682	0.00000	0.00000	0.00815	0.00000	0.00237	0.00000	0.00000	0.00000	0.00000	0.00117	0.01409	0.00285	0.01409	0.00000	0.00000	0.00000	0.00152	0.01578	0.96723	0.00880	0.00000	0.00000	0.01540	0.00000	0.03309	0.00208	0.00000
0.00000	0.02146	0.00000	0.00000	0.00000	0.00000	0.00000	0.00008	0.00000	0.00299	0.01490	0.00682	0.00000	0.00000	0.00815	0.00000	0.00237	0.00000	0.00000	0.00000	0.00000	0.00117	0.01409	0.00285	0.01409	0.00000	0.00000	0.00000	0.00152	0.01578	0.96723	0.00880	0.00000	0.00000	0.01540	0.00000	0.03309	0.00208	0.00000
0.00000	0.02146	0.00000	0.00000	0.00000	0.00000	0.00000	0.00008	0.00000	0.00299	0.01490	0.00682	0.00000	0.00000	0.00815	0.00000	0.00237	0.00000	0.00000	0.00000	0.00000	0.00117	0.01409	0.00285	0.01409	0.00000	0.00000	0.00000	0.00152	0.01578	0.96723	0.00880	0.00000	0.00000	0.01540	0.00000	0.03309	0.00208	0.00000
0.00000	0.02146	0.00000	0.00000	0.00000	0.00000	0.00000	0.00008	0.00000	0.00299	0.01490	0.00682	0.00000	0.00000	0.00815	0.00000	0.00237	0.00000	0.00000	0.00000	0.00000	0.00117	0.01409	0.00285	0.01409	0.00000	0.00000	0.00000	0.00152	0.01578	0.96723	0.00880	0.00000	0.00000	0.01540	0.00000	0.03309	0.00208	0.00000
0.00000	0.02146	0.00000	0.00000	0.00000	0.00000	0.00000	0.00008	0.00000	0.00299	0.01490	0.00682	0.00000	0.00000	0.00815	0.00000	0.00237	0.00000	0.00000	0.00000	0.00000	0.00117	0.01409	0.00285	0.01409	0.00000	0.00000	0.00000	0.00152	0.01578	0.96723	0.00880	0.00000	0.00000	0.01540	0.00000	0.03309	0.00208	0.00000
0.00000	0.02146	0.00000	0.00000	0.00000	0.00000	0.00000	0.00008	0.00000	0.00299	0.01490	0.00682	0.00000	0.00000	0.00815	0.00000	0.00237	0.00000	0.00000	0.00000	0.00000	0.00117	0.01409	0.00285	0.01409	0.00000	0.00000	0.00000	0.00152	0.01578	0.96723	0.00880	0.00000	0.00000	0.01540	0.00000	0.03309	0.00208	0.00000
0.00000	0.02146	0.00000	0.00000	0.00000	0.00000	0.00000	0.00008	0.00000	0.00299	0.01490	0.00682	0.00000	0.00000	0.00815	0.00000	0.00237	0.00000	0.00000	0.00000	0.00000	0.00117	0.01409	0.00285	0.01409	0.00000	0.00000	0.00000	0.00152	0.01578	0.96723	0.00880	0.00000	0.00000	0.01540	0.00000	0.03309	0.00208	0.00000
0.00000	0.02146	0.00000	0.00000	0.00000	0.00000	0.00000	0.00008	0.00000	0.00299	0.01490	0.00682	0.00000	0.00000	0.00815	0.00000	0.00237	0.00000	0.00000	0.00000	0.00000	0.00117	0.01409	0.00285	0.01409	0.00000	0.00000	0.00000	0.00152	0.01578	0.96723	0.00880	0.00000	0.00000	0.01540	0.00000	0.03309	0.00208	0.00000
0.00000	0.02146	0.00000	0.00000	0.00000	0.00000	0.00000	0.00008	0.00000	0.00299	0.01490	0.00682	0.00000	0.00000	0.00815	0.00000	0.00237	0.00000	0.00000	0.00000	0.00000	0.00117	0.01409	0.00285	0.01409	0.00000	0.00000	0.00000	0.00152	0.01578	0.96723	0.00880	0.00000	0.00000	0.01540	0.00000	0.03309	0.00208	0.00000
0.00000	0.02146	0.00000	0.00000	0.00000	0.00000	0.00000	0.00008	0.00000	0.00299	0.01490	0.00682	0.00000	0.00000	0.00815	0.00000	0.00237	0.00000	0.00000	0.00000	0.00000	0.00117	0.01409	0.00285	0.01409	0.00000	0.00000	0.00000	0.00152	0.01578	0.96723	0.00880	0.00000	0.00000	0.01540	0.00000	0.03309	0.00208	0.00000
0.00000	0.02146	0.00000	0.00000	0.00000	0.00000	0.00000	0.00008	0.00000	0.00299	0.01490	0.00682	0.00000	0.00000	0.00815	0.00000	0.00237	0.00000	0.00000	0.00000	0.00000	0.00117	0.01409	0.00285	0.01409	0.00000	0.00000	0.00000	0.00152	0.01578	0.96723	0.00880	0.00000	0.00000	0.01540	0.00000	0.03309	0.00208	0.00000
0.00000	0.02146	0.00000	0.00000	0.00000	0.00000	0.00000	0.00008	0.00000	0.00299	0.01490	0.00682	0.00000	0.00000	0.00815	0.00000	0.00237	0.00000	0.00000	0.00000	0.00000	0.00117	0.01409	0.00285	0.01409	0.00000	0.00000	0.00000	0.00152	0.01578	0.96723	0.00880	0.00000	0.00000	0.01540	0.00000	0.03309	0.00208	0.00000
0.00000	0.02146	0.00000	0.00000	0.00000	0.00000	0.00000	0.00008	0.00000	0.00299	0.01490	0.00682	0.00000	0.00000	0.00815	0.00000	0.00237	0.00000	0.00000	0.00000	0.00000	0.00117	0.01409	0.00285	0.01409	0.00000	0.00000	0.00000	0.00152	0.01578	0.96723	0.00880	0.00000	0.00000	0.01540	0.00000	0.03309	0.00208	0.00000
0.00000	0.02146	0.00000	0.00000	0.00000	0.00000	0.00000	0.00008	0.00000	0.00299	0.01490	0.00682	0.00000	0.00000	0.00815	0.00000	0.00237	0.00000	0.00000	0.00000	0.00000	0.00117	0.01409	0.00285	0.01409	0.00000	0.00000	0.00000	0.00152	0.01578	0.96723	0.00880	0.00000	0.00000	0.01540	0.00000	0.03309	0.00208	0.00000
0.00000	0.02146	0.00000	0.00000	0.00000	0.00000	0.00000	0.00008	0.00000	0.00299	0.01490	0.00682	0.00000	0.00000	0.00815	0.00000	0.00237	0.00000	0.00000	0.00000	0.00000	0.00117	0.01409	0.00285	0.01409	0.00000	0.00000	0.00000	0.00152	0.01578	0.96723	0.00880	0.00000	0.00000	0.01540	0.00000	0.03309	0.00208	0.00000
0.00000	0.02146	0.00000	0.00000	0.00000	0.00000	0.00000	0.00008	0.00000	0.00299	0.01490	0.00682	0.00000	0.00000	0.00815	0.00000	0.00237	0.00000	0.00000	0.00000	0.00000	0.00117	0.01409	0.00285	0.01409	0.00000	0.00000	0.00000	0.00152	0.01578	0.96723	0.00880	0.00000	0.00000	0.01540	0.00000	0.03309	0.00208	0.00000
0.00000	0.02146	0.00000	0.00000	0.00000	0.00000	0.00000	0.00008	0.00000	0.00299	0.01490	0.00682	0.00000	0.00000	0.00815	0.00000	0.00237	0.00000	0.00000	0.00000	0.00000	0.00117	0.01409	0.00285	0.01409	0.00000	0.00000	0.00000	0.00152	0.01578	0.96723	0.00880	0.00000	0.00000	0.01540	0.00000	0.03309	0.00208	0.00000
0.00000	0.02146	0.00000	0.00000	0.00000	0.00000	0.00000	0.00008	0.00000	0.00299	0.01490	0.00682	0.00000	0.00000	0.00815	0.00000	0.00237	0.00000	0.00000	0.00000	0.00000	0.00117	0.01409	0.00285	0.01409	0.00000	0.00000	0.00000	0.00152	0.01578	0.96723	0.00880	0.00000	0.00000	0.01540	0.00000	0.03309	0.00208	0.00000
0.00000	0.02146	0.00000	0.00000	0.00000	0.00000	0.00000	0.00008	0.00000	0.00299	0.01490	0.00682	0.00000	0.00000	0.00815	0.00000	0.00237	0.00000	0.00000	0.00000	0.00000	0.00117	0.01409	0.00285	0.01409	0.00000	0.00000	0.00000	0.00152	0.01578	0.96723	0.00880	0.00000	0.00000	0.01540	0.00000	0.03309	0.00208	0.00000
0.00000	0.02146	0.00000	0.00000	0.00000	0.00000	0.00000	0.00008	0.00000	0.00299	0.01490	0.00682	0.00000	0.00000	0.00815	0.00000	0.00237	0.00000	0.00000	0.00000	0.00000	0.00117	0.01409	0.00285	0.01409	0.00000	0.00000	0.00000	0.00152	0.01578	0.96723	0.00880	0.00000	0.00000	0.01540	0.00000	0.03309	0.00208	0.00000
0.00000	0.02146	0.00000	0.00000	0.00000	0.00000	0.00000	0.00008	0.00000	0.00299	0.01490	0.00682	0.00000	0.00000	0.00815	0.00000	0.00237	0.00000	0.00000	0.00000	0.00000	0.00117	0.01409	0.00285	0.01409	0.00000	0.00000	0.00000	0.00152	0.01578	0.96723	0.00880	0.00000	0.00000	0.01540	0.00000	0.03309	0.00208	0.00000
0.00000	0.02146	0.00000	0.00000	0.00000	0.00000	0.00000	0.00008	0.00000	0.00299	0.01490	0.00682	0.00000	0.00000	0.00815	0.00000	0.00237	0.00000	0.00000	0.00000	0.00000	0.00117	0.01409	0.00285	0.01409	0.00000	0.00000	0.00000	0.00152	0.01578	0.96723	0.00880	0.00000	0.00000	0.01540	0.00000	0.03309	0.00208	0.00000
0.00000	0.02146	0.00000	0.00000	0.00000	0.00000	0.00000	0.00008	0.00000	0.00299	0.01490	0.00682	0.00000	0.00000	0.00815	0.00000	0.00237	0.00000	0.00000	0.00000	0.00000	0.00117	0.01409	0.00285	0.01409	0.00000	0.00000	0.00000	0.00152	0.01578	0.96723	0.00880	0.00000	0.00000	0.01540	0.00000	0.03309	0.00208	0.00000
0.00000	0.02146	0.00000	0.00000	0.00000	0.00000	0.00000	0.00008	0.00000	0.00299	0.01490	0.00682	0.00000	0.00000	0.00815	0.00000	0.00237	0.00000	0.00000	0.00000	0.00000	0.00117	0.01409	0.00285	0.01409	0.00000	0.00000	0.00000	0.00152	0.01578	0.96723	0.00880	0.00000	0.00000	0.01540	0.00000	0.03309	0.00208	0.00000
0.00000	0.02146	0.00000	0.00000	0.00000	0.00000	0.00000	0.00008	0.00000	0.00299	0.01490	0.00682	0.00000	0.00000	0.00815	0.00000	0.00237	0.00000	0.00000	0.00000	0.00000	0.00117	0.01409	0.00285	0.01409	0.00000	0.00000	0.00000	0.00152	0.01578	0.96723	0.00880	0.00000	0.00000	0.01540	0.00000	0.03309	0.00208	0.00000
0.00000	0.02146	0.00000	0.00000	0.00000	0.00000	0.00000	0.00008	0.00000	0.00299	0.01490	0.00682	0.00000	0.00000	0.00815	0.00000	0.00237	0.00000	0.00000	0.00000	0.00000	0.00117	0.01409	0.00285	0.01409	0.00000	0.00000	0.00000	0.00152	0.01578	0.96723	0.00880	0.00000	0.00000	0.01540	0.00000	0.03309	0.00208	0.00000
0.00000	0.02146	0.00000	0.00000	0.00000	0.00000	0.00000	0.00008	0.00000	0.00299	0.01490	0.00682	0.00000	0.00000	0.00815	0.00000	0.00237	0.00000	0.00000	0.00000	0.00000	0.00117	0.01409	0.00285	0.01409	0.00000	0.00000	0.00000	0.00152	0.01578	0.96723	0.00880	0.00000	0.00000	0.01540	0.00000	0.03309	0.00208	0.00000
0.00000	0.02146	0.00000	0.00000	0.00000	0.00000	0.00000	0.00008	0.00000	0.00299	0.01490	0.00682	0.00000	0.00000	0.00815	0.00000	0.00237	0.00000	0.00000	0.00000	0.00000	0.00117	0.01409	0.00285	0.01409	0.00000	0.00000	0.00000	0.00152	0.01578	0.96723	0.00880	0.00000	0.00000	0.01540	0.00000	0.03309	0.00208	0.00000
0.00000	0.02146	0.00000	0.00000	0.00000	0.00000	0.00000	0.00008	0.00000	0.00299	0.01490	0.00682	0.00000	0.00000	0.00815	0.00000	0.00237	0.00000	0.00000	0.00000	0.00000	0.00117	0.01409	0.00285	0.01409	0.00000	0.00000	0.00000	0.00152	0.01578	0.96723	0.00880	0.00000	0.00000	0.01540	0.00000	0.03309	0.00208	0.00000
0.00000	0.02146	0.00000	0.00000	0.00000	0.00000	0.00000	0.00008	0.00000	0.00299	0.01490	0.00682	0.00000	0.00000	0.00815	0.00000	0.00237	0.00000	0.00000	0.00000	0.00000	0.00117	0.01409	0.00285	0.01409	0.00000	0.00000	0.00000	0.00152	0.01578	0.96723	0.00880	0.00000	0.00000	0.01540	0.00000	0.03309	0.00208	0.00000
0.00000	0.00812	0.00000	0.00000	0.00000	0.00000	0.00000	0.00121	0.00157	0.00487	0.00051	0.00108	0.00000	0.00000	0.00136	0.00000	0.00253	0.00000	0.00000	0.00000	0.00000	0.00149	0.00000	0.00308	0.00000	0.00021	0.00022	0.00000	0.00181	0.00049	0.95226	0.00575	0.00000	0.00000	0.00593	0.00000	0.01254	0.00191	0.00000
0.00000	0.02146	0.00000	0.00000	0.00000	0.00000	0.00000	0.00008	0.00000	0.00299	0.01490	0.00682	0.00000	0.00000	0.00815	0.00000	0.00237	0.00000	0.00000	0.00000	0.00000	0.00117	0.01409	0.00285	0.01409	0.00000	0.00000	0.00000	0.00152	0.01578	0.96723	0.00880	0.00000	0.00000	0.01540	0.00000	0.03309	0.00208	0.00000
0.00000	0.00793	0.00000	0.00000	0.00000	0.00000	0.00000	0.00107	0.00155	0.00467	0.00051	0.00115	0.00000	0.00000	0.00124	0.00000	0.00247	0.00000	0.00000	0.00000	0.00000	0.00144	0.00000	0.00300	0.00000	0.00019	0.00020	0.00000	0.00168	0.00044	0.95215	0.00573	0.00000	0.00000	0.00575	0.00000	0.01252	0.00188	0.00000
0.00000	0.02146	0.00000	0.00000	0.00000	0.00000	0.00000	0.00008	0.00000	0.00299	0.01490	0.00682	0.00000	0.00000	0.00815	0.00000	0.00237	0.00000	0.00000	0.00000	0.00000	0.00117	0.01409	0.00285	0.01409	0.00000	0.00000	0.00000	0.00152	0.01578	0.96723	0.00880	0.00000	0.00000	0.01540	0.00000	0.03309	0.00208	0.00000
0.00000	0.02146	0.00000	0.00000	0.00000	0.00000	0.00000	0.00008	0.00000	0.00299	0.01490	0.00682	0.00000	0.00000	0.00815	0.00000	0.00237	0.00000	0.00000	0.00000	0.00000	0.00117	0.01409	0.00285	0.01409	0.00000	0.00000	0.00000	0.00152	0.01578	0.96723	0.00880	0.00000	0.00000	0.01540	0.00000	0.03309	0.00208	0.00000
0.00000	0.02146	0.00000	0.00000	0.00000	0.00000	0.00000	0.00008	0.00000	0.00299	0.01490	0.00682	0.00000	0.00000	0.00815	0.00000	0.00237	0.00000	0.00000	0.00000	0.00000	0.00117	0.01409	0.00285	0.01409	0.00000	0.00000	0.00000	0.00152	0.01578	0.96723	0.00880	0.00000	0.00000	0.01540	0.00000	0.03309	0.00208	0.00000
0.00000	0.02146	0.00000	0.00000	0.00000	0.00000	0.00000	0.00008	0.00000	0.00299	0.01490	0.00682	0.00000	0.00000	0.00815	0.00000	0.00237	0.00000	0.00000	0.00000	0.00000	0.00117	0.01409	0.00285	0.01409	0.00000	0.00000	0.00000	0.00152	0.01578	0.96723	0.00880	0.00000	0.00000	0.01540	0.00000	0.03309	0.00208	0.00000
0.00000	0.02146	0.00000	0.00000	0.00000	0.00000	0.00000	0.00008	0.00000	0.00299	0.01490	0.00682	0.00000	0.00000	0.00815	0.00000	0.00237	0.00000	0.00000	0.00000	0.00000	0.00117	0.01409	0.00285	0.01409	0.00000	0.00000	0.00000	0.00152	0.01578	0.96723	0.00880	0.00000	0.00000	0.01540	0.00000	0.03309	0.00208	0.00000
0.00000	0.02146	0.00000	0.00000	0.00000	0.00000	0.00000	0.00008	0.00000	0.00299	0.01490	0.00682	0.00000	0.00000	0.00815	0.00000	0.00237	0.00000	0.00000	0.00000	0.00000	0.00117	0.01409	0.00285	0.01409	0.00000	0.00000	0.00000	0.00152	0.01578	0.96723	0.00880	0.00000	0.00000	0.01540	0.00000	0.03309	0.00208	0.00000
0.00000	0.02146	0.00000	0.00000	0.00000	0.00000	0.00000	0.00008	0.00000	0.00299	0.01490	0.00682	0.00000	0.00000	0.00815	0.00000	0.00237	0.00000	0.00000	0.00000	0.00000	0.00117	0.01409	0.00285	0.01409	0.00000	0.00000	0.00000	0.00152	0.01578	0.96723	0.00880	0.00000	0.00000	0.01540	0.00000	0.03309	0.00208	0.00000
0.00000	0.02146	0.00000	0.00000	0.00000	0.00000	0.00000	0.00008	0.00000	0.00299	0.01490	0.00682	0.00000	0.00000	0.00815	0.00000	0.00237	0.00000	0.00000	0.00000	0.00000	0.00117	0.01409	0.00285	0.01409	0.00000	0.00000	0.00000	0.00152	0.01578	0.96723	0.00880	0.00000	0.00000	0.01540	0.00000	0.03309	0.00208	0.00000
0.00000	0.02146	0.00000	0.00000	0.00000	0.00000	0.00000	0.00008	0.00000	0.00299	0.01490	0.00682	0.00000	0.00000	0.00815	0.00000	0.00237	0.00000	0.00000	0.00000	0.00000	0.00117	0.01409	0.00285	0.01409	0.00000	0.00000	0.00000	0.00152	0.01578	0.96723	0.00880	0.00000	0.00000	0.01540	0.00000	0.03309	0.00208	0.00000
0.00000	0.02146	0.00000	0.00000	0.00000	0.00000	0.00000	0.00008	0.00000	0.00299	0.01490	0.00682	0.00000	0.00000	0.00815	0.00000	0.00237	0.00000	0.00000	0.00000	0.00000	0.00117	0.01409	0.00285	0.01409	0.00000	0.00000	0.00000	0.00152	0.01578	0.96723	0.00880	0.00000	0.00000	0.01540	0.00000	0.03309	0.00208	0.00000
0.00000	0.02146	0.00000	0.00000	0.00000	0.00000	0.00000	0.00008	0.00000	0.00299	0.01490	0.00682	0.00000	0.00000	0.00815	0.00000	0.00237	0.00000	0.00000	0.00000	0.00000	0.00117	0.01409	0.00285	0.01409	0.00000	0.00000	0.00000	0.00152	0.01578	0.96723	0.00880	0.00000	0.00000	0.01540	0.00000	0.03309	0.00208	0.00000
0.00000	0.02146	0.00000	0.00000	0.00000	0.00000	0.00000	0.00008	0.00000	0.00299	0.01490	0.00682	0.00000	0.00000	0.00815	0.00000	0.00237	0.00000	0.00000	0.00000	0.00000	0.00117	0.01409	0.00285	0.01409	0.00000	0.00000	0.00000	0.00152	0.01578	0.96723	0.00880	0.00000	0.00000	0.01540	0.00000	0.03309	0.00208	0.00000
0.00000	0.02146	0.00000	0.00000	0.00000	0.00000	0.00000	0.00008	0.00000	0.00299	0.01490	0.00682	0.00000	0.00000	0.00815	0.00000	0.00237	0.00000	0.00000	0.00000	0.00000	0.00117	0.01409	0.00285	0.01409	0.00000	0.00000	0.00000	0.00152	0.01578	0.96723	0.00880	0.00000	0.00000	0.01540	0.00000	0.03309	0.00208	0.00000
0.00000	0.02146	0.00000	0.00000	0.00000	0.00000	0.00000	0.00008	0.00000	0.00299	0.01490	0.00682	0.00000	0.00000	0.00815	0.00000	0.00237	0.00000	0.00000	0.00000	0.00000	0.00117	0.01409	0.00285	0.01409	0.00000	0.00000	0.00000	0.00152	0.01578	0.96723	0.00880	0.00000	0.00000	0.01540	0.00000	0.03309	0.00208	0.00000
0.00000	0.02146	0.00000	0.00000	0.00000	0.00000	0.00000	0.00008	0.00000	0.00299	0.01490	0.00682	0.00000	0.00000	0.00815	0.00000	0.00237	0.00000	0.00000	0.00000	0.00000	0.00117	0.01409	0.00285	0.01409	0.00000	0.00000	0.00000	0.00152	0.01578	0.96723	0.00880	0.00000	0.00000	0.01540	0.00000	0.03309	0.00208	0.00000
0.00000	0.02146	0.00000	0.00000	0.00000	0.00000	0.00000	0.00008	0.00000	0.00299	0.01490	0.00682	0.00000	0.00000	0.00815	0.00000	0.00237	0.00000	0.00000	0.00000	0.00000	0.00117	0.01409	0.00285	0.01409	0.00000	0.00000	0.00000	0.00152	0.01578	0.96723	0.00880	0.00000	0.00000	0.01540	0.00000	0.03309	0.00208	0.00000
0.00000	0.02146	0.00000	0.00000	0.00000	0.00000	0.00000	0.00008	0.00000	0.00299	0.01490	0.00682	0.00000	0.00000	0.00815	0.00000	0.00237	0.00000	0.00000	0.00000	0.00000	0.00117	0.01409	0.00285	0.01409	0.00000	0.00000	0.00000	0.00152	0.01578	0.96723	0.00880	0.00000	0.00000	0.01540	0.00000	0.03309	0.00208	0.00000
0.00000	0.02146	0.00000	0.00000	0.00000	0.00000	0.00000	0.00008	0.00000	0.00299	0.01490	0.00682	0.00000	0.00000	0.00815	0.00000	0.00237	0.00000	0.00000	0.00000	0.00000	0.00117	0.01409	0.00285	0.01409	0.00000	0.00000	0.00000	0.00152	0.01578	0.96723	0.00880	0.00000	0.00000	0.01540	0.00000	0.03309	0.00208	0.00000
0.00000	0.02146	0.00000	0.00000	0.00000	0.00000	0.00000	0.00008	0.00000	0.00299	0.01490	0.00682	0.00000	0.00000	0.00815	0.00000	0.00237	0.00000	0.00000	0.00000	0.00000	0.00117	0.01409	0.00285	0.01409	0.00000	0.00000	0.00000	0.00152	0.01578	0.96723	0.00880	0.00000	0.00000	0.01540	0.00000	0.03309	0.00208	0.00000
0.00000	0.02146	0.00000	0.00000	0.00000	0.00000	0.00000	0.00008	0.00000	0.00299	0.01490	0.00682	0.00000	0.00000	0.00815	0.00000	0.00237	0.00000	0.00000	0.00000	0.00000	0.00117	0.01409	0.00285	0.01409	0.00000	0.00000	0.00000	0.00152	0.01578	0.96723	0.00880	0.00000	0.00000	0.01540	0.00000	0.03309	0.00208	0.00000
0.00000	0.02146	0.00000	0.00000	0.00000	0.00000	0.00000	0.00008	0.00000	0.00299	0.01490	0.00682	0.00000	0.00000	0.00815	0.00000	0.00237	0.00000	0.00000	0.00000	0.00000	0.00117	0.01409	0.00285	0.01409	0.00000	0.00000	0.00000	0.00152	0.01578	0.96723	0.00880	0.00000	0.00000	0.01540	0.00000	0.03309	0.00208	0.00000
0.00000	0.02146	0.00000	0.00000	0.00000	0.00000	0.00000	0.00008	0.00000	0.00299	0.01490	0.00682	0.00000	0.00000	0.00815	0.00000	0.00237	0.00000	0.00000	0.00000	0.00000	0.00117	0.01409	0.00285	0.01409	0.00000	0.00000	0.00000	0.00152	0.01578	0.96723	0.00880	0.00000	0.00000	0.01540	0.00000	0.03309	0.00208	0.00000
0.00000	0.02146	0.00000	0.00000	0.00000	0.00000	0.00000	0.00008	0.00000	0.00299	0.01490	0.00682	0.00000	0.00000	0.00815	0.00000	0.00237	0.00000	0.00000	0.00000	0.00000	0.00117	0.01409	0.00285	0.01409	0.00000	0.00000	0.00000	0.00152	0.01578	0.96723	0.00880	0.00000	0.00000	0.01540	0.00000	0.03309	0.00208	0.00000
0.00000	0.00795	0.00000	0.00000	0.00000	0.00000	0.00000	0.00114	0.00157	0.00471	0.00051	0.00110	0.00000	0.00000	0.00130	0.00000	0.00247	0.00000	0.00000	0.00000	0.00000	0.00145	0.00000	0.00300	0.00000	0.00020	0.00021	0.00000	0.00169	0.00046	0.95228	0.00574	0.00000	0.00000	0.00583	0.00000	0.01256	0.00186	0.00000
0.00000	0.02146	0.00000	0.00000	0.00000	0.00000	0.00000	0.00008	0.00000	0.00299	0.01490	0.00682	0.00000	0.00000	0.00815	0.00000	0.00237	0.00000	0.00000	0.00000	0.00000	0.00117	0.01409	0.00285	0.01409	0.00000	0.00000	0.00000	0.00152	0.01578	0.96723	0.00880	0.00000	0.00000	0.01540	0.00000	0.03309	0.00208	0.00000
0.00000	0.02146	0.00000	0.00000	0.00000	0.00000	0.00000	0.00008	0.00000	0.00299	0.01490	0.00682	0.00000	0.00000	0.00815	0.00000	0.00237	0.00000	0.00000	0.00000	0.00000	0.00117	0.01409	0.00285	0.01409	0.00000	0.00000	0.00000	0.00152	0.01578	0.96723	0.00880	0.00000	0.00000	0.01540	0.00000	0.03309	0.00208	0.00000
0.00003	0.13189	0.00000	0.00000	0.00000	0.00000	0.00000	0.15082	0.01345	0.06896	0.12040	0.07921	0.00218	0.00620	0.06775	0.00000	0.01456	0.00000	0.00105	0.00000	0.00061	0.07535	0.11817	0.05332	0.11220	0.01639	0.02152	0.00843	0.08543	0.08327	0.86869	0.09380	0.00003	0.00023	0.86935	0.00000	0.17865	0.00229	0.00000
0.00000	0.02146	0.00000	0.00000	0.00000	0.00000	0.00000	0.00008	0.00000	0.00299	0.01490	0.00682	0.00000	0.00000	0.00815	0.00000	0.00237	0.00000	0.00000	0.00000	0.00000	0.00117	0.01409	0.00285	0.01409	0.00000	0.00000	0.00000	0.00152	0.01578	0.96723	0.00880	0.00000	0.00000	0.01540	0.00000	0.03309	0.00208	0.00000
0.00000	0.02146	0.00000	0.00000	0.00000	0.00000	0.00000	0.00008	0.00000	0.00299	0.01490	0.00682	0.00000	0.00000	0.00815	0.00000	0.00237	0.00000	0.00000	0.00000	0.00000	0.00117	0.01409	0.00285	0.01409	0.00000	0.00000	0.00000	0.00152	0.01578	0.96723	0.00880	0.00000	0.00000	0.01540	0.00000	0.03309	0.00208	0.00000
0.00000	0.02146	0.00000	0.00000	0.00000	0.00000	0.00000	0.00008	0.00000	0.00299	0.01490	0.00682	0.00000	0.00000	0.00815	0.00000	0.00237	0.00000	0.00000	0.00000	0.00000	0.00117	0.01409	0.00285	0.01409	0.00000	0.00000	0.00000	0.00152	0.01578	0.96723	0.00880	0.00000	0.00000	0.01540	0.00000	0.03309	0.00208	0.00000
0.00000	0.02146	0.00000	0.00000	0.00000	0.00000	0.00000	0.00008	0.00000	0.00299	0.01490	0.00682	0.00000	0.00000	0.00815	0.00000	0.00237	0.00000	0.00000	0.00000	0.00000	0.00117	0.01409	0.00285	0.01409	0.00000	0.00000	0.00000	0.00152	0.01578	0.96723	0.00880	0.00000	0.00000	0.01540	0.00000	0.03309	0.00208	0.00000
0.00000	0.02146	0.00000	0.00000	0.00000	0.00000	0.00000	0.00008	0.00000	0.00299	0.01490	0.00682	0.00000	0.00000	0.00815	0.00000	0.00237	0.00000	0.00000	0.00000	0.00000	0.00117	0.01409	0.00285	0.01409	0.00000	0.00000	0.00000	0.00152	0.01578	0.96723	0.00880	0.00000	0.00000	0.01540	0.00000	0.03309	0.00208	0.00000
0.00004	0.14822	0.00000	0.00000	0.00000	0.00000	0.00000	0.30987	0.14580	0.10196	0.49490	0.15900	0.02205	0.07025	0.10538	0.00000	0.02051	0.00000	0.00162	0.00000	0.00397	0.13442	0.42560	0.08253	0.18925	0.25902	0.28687	0.22951	0.13887	0.09416	0.87942	0.15837	0.00005	0.00235	0.85474	0.00000	0.57783	0.00000	0.00000
0.00000	0.02146	0.00000	0.00000	0.00000	0.00000	0.00000	0.00008	0.00000	0.00299	0.01490	0.00682	0.00000	0.00000	0.00815	0.00000	0.00237	0.00000	0.00000	0.00000	0.00000	0.00117	0.01409	0.00285	0.01409	0.00000	0.00000	0.00000	0.00152	0.01578	0.96723	0.00880	0.00000	0.00000	0.01540	0.00000	0.03309	0.00208	0.00000
0.00000	0.02146	0.00000	0.00000	0.00000	0.00000	0.00000	0.00008	0.00000	0.00299	0.01490	0.00682	0.00000	0.00000	0.00815	0.00000	0.00237	0.00000	0.00000	0.00000	0.00000	0.00117	0.01409	0.00285	0.01409	0.00000	0.00000	0.00000	0.00152	0.01578	0.96723	0.00880	0.00000	0.00000	0.01540	0.00000	0.03309	0.00208	0.00000
0.00000	0.02146	0.00000	0.00000	0.00000	0.00000	0.00000	0.00008	0.00000	0.00299	0.01490	0.00682	0.00000	0.00000	0.00815	0.00000	0.00237	0.00000	0.00000	0.00000	0.00000	0.00117	0.01409	0.00285	0.01409	0.00000	0.00000	0.00000	0.00152	0.01578	0.96723	0.00880	0.00000	0.00000	0.01540	0.00000	0.03309	0.00208	0.00000
0.00003	0.13189	0.00000	0.00000	0.00000	0.00000	0.00000	0.15082	0.01345	0.06896	0.12040	0.07921	0.00218	0.00620	0.06775	0.00000	0.01456	0.00000	0.00105	0.00000	0.00061	0.07535	0.11817	0.05332	0.11220	0.01639	0.02152	0.00843	0.08543	0.08327	0.86869	0.09380	0.00003	0.00023	0.86935	0.00000	0.17865	0.00229	0.00000
0.00000	0.41468	0.00000	0.00000	0.00000	0.00000	0.00000	0.01481	0.00185	0.29186	0.07615	0.13310	0.00000	0.02343	0.10355	0.00000	0.00687	0.00000	0.00000	0.00000	0.00000	0.24561	0.07085	0.04385	0.07514	0.02567	0.02577	0.01527	0.22900	0.14358	0.78724	0.21611	0.00000	0.00000	0.13453	0.00000	0.09852	0.00295	0.00000
0.00000	0.02146	0.00000	0.00000	0.00000	0.00000	0.00000	0.00008	0.00000	0.00299	0.01490	0.00682	0.00000	0.00000	0.00815	0.00000	0.00237	0.00000	0.00000	0.00000	0.00000	0.00117	0.01409	0.00285	0.01409	0.00000	0.00000	0.00000	0.00152	0.01578	0.96723	0.00880	0.00000	0.00000	0.01540	0.00000	0.03309	0.00208	0.00000
0.00003	0.13189	0.00000	0.00000	0.00000	0.00000	0.00000	0.15082	0.01345	0.06896	0.12040	0.07921	0.00218	0.00620	0.06775	0.00000	0.01456	0.00000	0.00105	0.00000	0.00061	0.07535	0.11817	0.05332	0.11220	0.01639	0.02152	0.00843	0.08543	0.08327	0.86869	0.09380	0.00003	0.00023	0.86935	0.00000	0.17865	0.00229	0.00000
0.00000	0.02146	0.00000	0.00000	0.00000	0.00000	0.00000	0.00008	0.00000	0.00299	0.01490	0.00682	0.00000	0.00000	0.00815	0.00000	0.00237	0.00000	0.00000	0.00000	0.00000	0.00117	0.01409	0.00285	0.01409	0.00000	0.00000	0.00000	0.00152	0.01578	0.96723	0.00880	0.00000	0.00000	0.01540	0.00000	0.03309	0.00208	0.00000
0.00000	0.02146	0.00000	0.00000	0.00000	0.00000	0.00000	0.00008	0.00000	0.00299	0.01490	0.00682	0.00000	0.00000	0.00815	0.00000	0.00237	0.00000	0.00000	0.00000	0.00000	0.00117	0.01409	0.00285	0.01409	0.00000	0.00000	0.00000	0.00152	0.01578	0.96723	0.00880	0.00000	0.00000	0.01540	0.00000	0.03309	0.00208	0.00000
0.00000	0.02146	0.00000	0.00000	0.00000	0.00000	0.00000	0.00008	0.00000	0.00299	0.01490	0.00682	0.00000	0.00000	0.00815	0.00000	0.00237	0.00000	0.00000	0.00000	0.00000	0.00117	0.01409	0.00285	0.01409	0.00000	0.00000	0.00000	0.00152	0.01578	0.96723	0.00880	0.00000	0.00000	0.01540	0.00000	0.03309	0.00208	0.00000
0.00000	0.02146	0.00000	0.00000	0.00000	0.00000	0.00000	0.00008	0.00000	0.00299	0.01490	0.00682	0.00000	0.00000	0.00815	0.00000	0.00237	0.00000	0.00000	0.00000	0.00000	0.00117	0.01409	0.00285	0.01409	0.00000	0.00000	0.00000	0.00152	0.01578	0.96723	0.00880	0.00000	0.00000	0.01540	0.00000	0.03309	0.00208	0.00000
0.00000	0.02146	0.00000	0.00000	0.00000	0.00000	0.00000	0.00008	0.00000	0.00299	0.01490	0.00682	0.00000	0.00000	0.00815	0.00000	0.00237	0.00000	0.00000	0.00000	0.00000	0.00117	0.01409	0.00285	0.01409	0.00000	0.00000	0.00000	0.00152	0.01578	0.96723	0.00880	0.00000	0.00000	0.01540	0.00000	0.03309	0.00208	0.00000
0.00000	0.02146	0.00000	0.00000	0.00000	0.00000	0.00000	0.00008	0.00000	0.00299	0.01490	0.00682	0.00000	0.00000	0.00815	0.00000	0.00237	0.00000	0.00000	0.00000	0.00000	0.00117	0.01409	0.00285	0.01409	0.00000	0.00000	0.00000	0.00152	0.01578	0.96723	0.00880	0.00000	0.00000	0.01540	0.00000	0.03309	0.00208	0.00000
0.00000	0.02146	0.00000	0.00000	0.00000	0.00000	0.00000	0.00008	0.00000	0.00299	0.01490	0.00682	0.00000	0.00000	0.00815	0.00000	0.00237	0.00000	0.00000	0.00000	0.00000	0.00117	0.01409	0.00285	0.01409	0.00000	0.00000	0.00000	0.00152	0.01578	0.96723	0.00880	0.00000	0.00000	0.01540	0.00000	0.03309	0.00208	0.00000
0.00000	0.02146	0.00000	0.00000	0.00000	0.00000	0.00000	0.00008	0.00000	0.00299	0.01490	0.00682	0.00000	0.00000	0.00815	0.00000	0.00237	0.00000	0.00000	0.00000	0.00000	0.00117	0.01409	0.00285	0.01409	0.00000	0.00000	0.00000	0.00152	0.01578	0.96723	0.00880	0.00000	0.00000	0.01540	0.00000	0.03309	0.00208	0.00000
0.00003	0.13189	0.00000	0.00000	0.00000	0.00000	0.00000	0.15082	0.01345	0.06896	0.12040	0.07921	0.00218	0.00620	0.06775	0.00000	0.01456	0.00000	0.00105	0.00000	0.00061	0.07535	0.11817	0.05332	0.11220	0.01639	0.02152	0.00843	0.08543	0.08327	0.86869	0.09380	0.00003	0.00023	0.86935	0.00000	0.17865	0.00229	0.00000
0.00000	0.02146	0.00000	0.00000	0.00000	0.00000	0.00000	0.00008	0.00000	0.00299	0.01490	0.00682	0.00000	0.00000	0.00815	0.00000	0.00237	0.00000	0.00000	0.00000	0.00000	0.00117	0.01409	0.00285	0.01409	0.00000	0.00000	0.00000	0.00152	0.01578	0.96723	0.00880	0.00000	0.00000	0.01540	0.00000	0.03309	0.00208	0.00000
0.00000	0.02146	0.00000	0.00000	0.00000	0.00000	0.00000	0.00008	0.00000	0.00299	0.01490	0.00682	0.00000	0.00000	0.00815	0.00000	0.00237	0.00000	0.00000	0.00000	0.00000	0.00117	0.01409	0.00285	0.01409	0.00000	0.00000	0.00000	0.00152	0.01578	0.96723	0.00880	0.00000	0.00000	0.01540	0.00000	0.03309	0.00208	0.00000
0.00000	0.02146	0.00000	0.00000	0.00000	0.00000	0.00000	0.00008	0.00000	0.00299	0.01490	0.00682	0.00000	0.00000	0.00815	0.00000	0.00237	0.00000	0.00000	0.00000	0.00000	0.00117	0.01409	0.00285	0.01409	0.00000	0.00000	0.00000	0.00152	0.01578	0.96723	0.00880	0.00000	0.00000	0.01540	0.00000	0.03309	0.00208	0.00000
0.00000	0.02146	0.00000	0.00000	0.00000	0.00000	0.00000	0.00008	0.00000	0.00299	0.01490	0.00682	0.00000	0.00000	0.00815	0.00000	0.00237	0.00000	0.00000	0.00000	0.00000	0.00117	0.01409	0.00285	0.01409	0.00000	0.00000	0.00000	0.00152	0.01578	0.96723	0.00880	0.00000	0.00000	0.01540	0.00000	0.03309	0.00208	0.00000
0.00000	0.02146	0.00000	0.00000	0.00000	0.00000	0.00000	0.00008	0.00000	0.00299	0.01490	0.00682	0.00000	0.00000	0.00815	0.00000	0.00237	0.00000	0.00000	0.00000	0.00000	0.00117	0.01409	0.00285	0.01409	0.00000	0.00000	0.00000	0.00152	0.01578	0.96723	0.00880	0.00000	0.00000	0.01540	0.00000	0.03309	0.00208	0.00000
0.00000	0.02146	0.00000	0.00000	0.00000	0.00000	0.00000	0.00008	0.00000	0.00299	0.01490	0.00682	0.00000	0.00000	0.00815	0.00000	0.00237	0.00000	0.00000	0.00000	0.00000	0.00117	0.01409	0.00285	0.01409	0.00000	0.00000	0.00000	0.00152	0.01578	0.96723	0.00880	0.00000	0.00000	0.01540	0.00000	0.03309	0.00208	0.00000
0.00000	0.02146	0.00000	0.00000	0.00000	0.00000	0.00000	0.00008	0.00000	0.00299	0.01490	0.00682	0.00000	0.00000	0.00815	0.00000	0.00237	0.00000	0.00000	0.00000	0.00000	0.00117	0.01409	0.00285	0.01409	0.00000	0.00000	0.00000	0.00152	0.01578	0.96723	0.00880	0.00000	0.00000	0.01540	0.00000	0.03309	0.00208	0.00000
0.00000	0.02146	0.00000	0.00000	0.00000	0.00000	0.00000	0.00008	0.00000	0.00299	0.01490	0.00682	0.00000	0.00000	0.00815	0.00000	0.00237	0.00000	0.00000	0.00000	0.00000	0.00117	0.01409	0.00285	0.01409	0.00000	0.00000	0.00000	0.00152	0.01578	0.96723	0.00880	0.00000	0.00000	0.01540	0.00000	0.03309	0.00208	0.00000
0.00000	0.02146	0.00000	0.00000	0.00000	0.00000	0.00000	0.00008	0.00000	0.00299	0.01490	0.00682	0.00000	0.00000	0.00815	0.00000	0.00237	0.00000	0.00000	0.00000	0.00000	0.00117	0.01409	0.00285	0.01409	0.00000	0.00000	0.00000	0.00152	0.01578	0.96723	0.00880	0.00000	0.00000	0.01540	0.00000	0.03309	0.00208	0.00000
0.00000	0.02146	0.00000	0.00000	0.00000	0.00000	0.00000	0.00008	0.00000	0.00299	0.01490	0.00682	0.00000	0.00000	0.00815	0.00000	0.00237	0.00000	0.00000	0.00000	0.00000	0.00117	0.01409	0.00285	0.01409	0.00000	0.00000	0.00000	0.00152	0.01578	0.96723	0.00880	0.00000	0.00000	0.01540	0.00000	0.03309	0.00208	0.00000
0.00000	0.02146	0.00000	0.00000	0.00000	0.00000	0.00000	0.00008	0.00000	0.00299	0.01490	0.00682	0.00000	0.00000	0.00815	0.00000	0.00237	0.00000	0.00000	0.00000	0.00000	0.00117	0.01409	0.00285	0.01409	0.00000	0.00000	0.00000	0.00152	0.01578	0.96723	0.00880	0.00000	0.00000	0.01540	0.00000	0.03309	0.00208	0.00000
0.00000	0.02146	0.00000	0.00000	0.00000	0.00000	0.00000	0.00008	0.00000	0.00299	0.01490	0.00682	0.00000	0.00000	0.00815	0.00000	0.00237	0.00000	0.00000	0.00000	0.00000	0.00117	0.01409	0.00285	0.01409	0.00000	0.00000	0.00000	0.00152	0.01578	0.96723	0.00880	0.00000	0.00000	0.01540	0.00000	0.03309	0.00208	0.00000
0.00000	0.02146	0.00000	0.00000	0.00000	0.00000	0.00000	0.00008	0.00000	0.00299	0.01490	0.00682	0.00000	0.00000	0.00815	0.00000	0.00237	0.00000	0.00000	0.00000	0.00000	0.00117	0.01409	0.00285	0.01409	0.00000	0.00000	0.00000	0.00152	0.01578	0.96723	0.00880	0.00000	0.00000	0.01540	0.00000	0.03309	0.00208	0.00000
0.00000	0.10072	0.00000	0.00000	0.11806	0.00000	0.00000	0.00000	0.00000	0.25142	0.00000	0.11212	0.00000	0.00000	0.07727	0.00000	0.67131	0.00000	0.00000	0.00000	0.00000	0.10161	0.00000	0.72746	0.00000	0.02975	0.02636	0.00000	0.10317	0.00001	0.00000	0.02512	0.00000	0.00268	0.00000	0.00000	0.00000	0.07291	0.00000
0.00000	0.31625	0.00000	0.00000	0.11806	0.00000	0.00000	0.01184	0.00000	0.40874	0.00000	0.07379	0.00000	0.00000	0.05086	0.00000	0.60925	0.00000	0.00000	0.00000	0.00000	0.16492	0.00000	0.66335	0.00000	0.01958	0.01735	0.00000	0.24915	0.00271	0.00000	0.09751	0.00000	0.00268	0.00000	0.00000	0.00000	0.09837	0.00000
0.00000	0.64261	0.00000	0.00000	0.00000	0.00000	0.00000	0.01111	0.00000	0.62287	0.00000	0.05033	0.00000	0.00000	0.03469	0.00000	0.13596	0.00000	0.00000	0.00000	0.00000	0.33195	0.00000	0.16559	0.00000	0.01335	0.01183	0.00000	0.44560	0.00437	0.00000	0.24387	0.00000	0.00000	0.00000	0.00000	0.00000	0.09887	0.00000
0.00000	0.64261	0.00000	0.00000	0.00000	0.00000	0.00000	0.01111	0.00000	0.62287	0.00000	0.05033	0.00000	0.00000	0.03469	0.00000	0.13596	0.00000	0.00000	0.00000	0.00000	0.33195	0.00000	0.16559	0.00000	0.01335	0.01183	0.00000	0.44560	0.00437	0.00000	0.24387	0.00000	0.00000	0.00000	0.00000	0.00000	0.09887	0.00000
0.00000	0.00078	0.00000	0.00000	0.00000	0.00000	0.00000	0.00000	0.00000	0.07665	0.00000	0.81768	0.00000	0.00195	0.24133	0.00000	0.05226	0.00000	0.00000	0.00000	0.00000	0.05966	0.00101	0.07900	0.00000	0.02973	0.02634	0.00000	0.04939	0.00224	0.00000	0.00073	0.00000	0.00001	0.00071	0.00000	0.00000	0.00000	0.00000
0.00000	0.00089	0.00000	0.00000	0.00000	0.00000	0.00000	0.27202	0.10704	0.07876	0.31758	0.10518	0.03151	0.10564	0.08844	0.00000	0.05022	0.00000	0.00000	0.00000	0.00511	0.08085	0.24366	0.06428	0.07455	0.33180	0.36395	0.22563	0.06344	0.02617	0.00089	0.02365	0.00000	0.00336	0.01060	0.00000	0.31895	0.00000	0.00000
0.03974	0.18933	0.03968	0.03973	0.05512	0.03968	0.03968	0.06570	0.05871	0.27996	0.03984	0.17636	0.03968	0.06624	0.11695	0.03968	0.23128	0.03968	0.03968	0.03968	0.03995	0.17062	0.06690	0.27762	0.03968	0.06943	0.06604	0.05607	0.17829	0.05468	0.08409	0.09220	0.03968	0.05570	0.08535	0.03968	0.03968	0.15317	0.03968
0.03974	0.18932	0.03968	0.03973	0.05512	0.03968	0.03968	0.06570	0.05871	0.27995	0.03984	0.17636	0.03968	0.06624	0.11695	0.03968	0.23127	0.03968	0.03968	0.03968	0.03995	0.17062	0.06690	0.27761	0.03968	0.06943	0.06604	0.05607	0.17829	0.05468	0.08409	0.09220	0.03968	0.05570	0.08535	0.03968	0.03968	0.15317	0.03968
0.03974	0.05774	0.03968	0.03973	0.05512	0.03968	0.03968	0.17787	0.05871	0.14027	0.03984	0.17636	0.03968	0.06624	0.11695	0.03968	0.12049	0.03968	0.03968	0.03968	0.03995	0.11575	0.06690	0.14462	0.03968	0.06943	0.06604	0.05607	0.10720	0.05468	0.08409	0.06004	0.03968	0.05570	0.08535	0.03968	0.03968	0.05579	0.03968
0.00000	0.00079	0.00000	0.00000	0.00000	0.00000	0.00000	0.00755	0.00425	0.07632	0.01253	0.26337	0.00260	0.12700	0.67234	0.00000	0.05194	0.00000	0.00000	0.00000	0.00042	0.06095	0.01226	0.06753	0.00615	0.15918	0.15873	0.01006	0.04991	0.00216	0.00131	0.00195	0.00000	0.00028	0.00000	0.00000	0.01264	0.00000	0.00000
0.00000	0.00477	0.00000	0.00000	0.00000	0.00000	0.00000	0.05214	0.00006	0.05737	0.06023	0.27244	0.00004	0.19835	0.71736	0.00000	0.03482	0.00000	0.00000	0.00000	0.00001	0.07564	0.04440	0.04590	0.06015	0.21801	0.21554	0.05641	0.03942	0.05460	0.00298	0.02130	0.00000	0.00000	0.00320	0.00000	0.00606	0.00000	0.00000
0.00000	0.41143	0.00000	0.00000	0.00000	0.00000	0.00000	0.04237	0.01421	0.27290	0.00000	0.07855	0.00000	0.00000	0.14737	0.00000	0.00698	0.00000	0.00000	0.00000	0.00000	0.21514	0.00000	0.00839	0.00000	0.00000	0.00279	0.00000	0.21324	0.11533	0.00000	0.18412	0.00000	0.00000	0.71802	0.00000	0.00000	0.00614	0.00000
0.00000	0.04195	0.00000	0.00000	0.00000	0.00000	0.00000	0.05310	0.01406	0.00988	0.00000	0.00903	0.00000	0.00000	0.06316	0.00000	0.00488	0.00000	0.00000	0.00000	0.00000	0.00331	0.00000	0.00586	0.00000	0.00000	0.00267	0.00000	0.00636	0.03543	0.00000	0.00224	0.00000	0.00000	0.95084	0.00000	0.00000	0.00429	0.00000
0.00000	0.04195	0.00000	0.00000	0.00000	0.00000	0.00000	0.05310	0.01406	0.00988	0.00000	0.00903	0.00000	0.00000	0.06316	0.00000	0.00488	0.00000	0.00000	0.00000	0.00000	0.00331	0.00000	0.00586	0.00000	0.00000	0.00267	0.00000	0.00636	0.03543	0.00000	0.00224	0.00000	0.00000	0.95084	0.00000	0.00000	0.00429	0.00000
0.00000	0.03555	0.00000	0.00000	0.00000	0.00000	0.00000	0.06867	0.01362	0.00690	0.01119	0.02248	0.00000	0.01082	0.07422	0.00000	0.00420	0.00000	0.00000	0.00000	0.00000	0.01004	0.00824	0.00524	0.01119	0.01189	0.01438	0.01049	0.00454	0.04538	0.00000	0.00462	0.00000	0.00000	0.95100	0.00000	0.00110	0.00199	0.00000
0.00000	0.03561	0.00000	0.00000	0.00000	0.00000	0.00000	0.06838	0.01363	0.00694	0.01124	0.02193	0.00000	0.01087	0.07428	0.00000	0.00414	0.00000	0.00000	0.00000	0.00000	0.01005	0.00827	0.00517	0.01124	0.01194	0.01443	0.01053	0.00460	0.04545	0.00000	0.00462	0.00000	0.00000	0.95109	0.00000	0.00110	0.00194	0.00000
0.00000	0.03520	0.00000	0.00000	0.00000	0.00000	0.00000	0.06965	0.01363	0.00663	0.01168	0.02354	0.00000	0.01130	0.07479	0.00000	0.00394	0.00000	0.00000	0.00000	0.00000	0.01024	0.00860	0.00494	0.01168	0.01240	0.01488	0.01095	0.00445	0.04582	0.00000	0.00470	0.00000	0.00000	0.95085	0.00000	0.00114	0.00171	0.00000
0.00000	0.03587	0.00000	0.00000	0.00000	0.00000	0.00000	0.06976	0.01360	0.00736	0.01183	0.02235	0.00000	0.01144	0.07471	0.00000	0.00430	0.00000	0.00000	0.00000	0.00000	0.01063	0.00871	0.00536	0.01183	0.01255	0.01503	0.01108	0.00493	0.04592	0.00000	0.00495	0.00000	0.00000	0.95079	0.00000	0.00116	0.00201	0.00000
0.00000	0.03738	0.00000	0.00000	0.00000	0.00000	0.00000	0.07035	0.01359	0.00870	0.01185	0.02080	0.00000	0.01147	0.07460	0.00000	0.00454	0.00000	0.00000	0.00000	0.00000	0.01154	0.00873	0.00565	0.01186	0.01257	0.01505	0.01111	0.00602	0.04594	0.00000	0.00576	0.00000	0.00000	0.95078	0.00000	0.00116	0.00223	0.00000
0.00000	0.04195	0.00000	0.00000	0.00000	0.00000	0.00000	0.05310	0.01406	0.00988	0.00000	0.00903	0.00000	0.00000	0.06316	0.00000	0.00488	0.00000	0.00000	0.00000	0.00000	0.00331	0.00000	0.00586	0.00000	0.00000	0.00267	0.00000	0.00636	0.03543	0.00000	0.00224	0.00000	0.00000	0.95084	0.00000	0.00000	0.00429	0.00000
0.00000	0.04195	0.00000	0.00000	0.00000	0.00000	0.00000	0.05310	0.01406	0.00988	0.00000	0.00903	0.00000	0.00000	0.06316	0.00000	0.00488	0.00000	0.00000	0.00000	0.00000	0.00331	0.00000	0.00586	0.00000	0.00000	0.00267	0.00000	0.00636	0.03543	0.00000	0.00224	0.00000	0.00000	0.95084	0.00000	0.00000	0.00429	0.00000
0.00000	0.03561	0.00000	0.00000	0.00000	0.00000	0.00000	0.06885	0.01363	0.00695	0.01134	0.02270	0.00000	0.01097	0.07437	0.00000	0.00420	0.00000	0.00000	0.00000	0.00000	0.01013	0.00835	0.00524	0.01134	0.01203	0.01452	0.01063	0.00459	0.04553	0.00000	0.00468	0.00000	0.00000	0.95098	0.00000	0.00111	0.00199	0.00000
0.00000	0.04195	0.00000	0.00000	0.00000	0.00000	0.00000	0.05310	0.01406	0.00988	0.00000	0.00903	0.00000	0.00000	0.06316	0.00000	0.00488	0.00000	0.00000	0.00000	0.00000	0.00331	0.00000	0.00586	0.00000	0.00000	0.00267	0.00000	0.00636	0.03543	0.00000	0.00224	0.00000	0.00000	0.95084	0.00000	0.00000	0.00429	0.00000
0.00000	0.04195	0.00000	0.00000	0.00000	0.00000	0.00000	0.05310	0.01406	0.00988	0.00000	0.00903	0.00000	0.00000	0.06316	0.00000	0.00488	0.00000	0.00000	0.00000	0.00000	0.00331	0.00000	0.00586	0.00000	0.00000	0.00267	0.00000	0.00636	0.03543	0.00000	0.00224	0.00000	0.00000	0.95084	0.00000	0.00000	0.00429	0.00000
0.00000	0.03576	0.00000	0.00000	0.00000	0.00000	0.00000	0.06882	0.01361	0.00717	0.01140	0.02252	0.00000	0.01102	0.07438	0.00000	0.00425	0.00000	0.00000	0.00000	0.00000	0.01025	0.00839	0.00531	0.01140	0.01211	0.01459	0.01068	0.00476	0.04555	0.00000	0.00474	0.00000	0.00000	0.95088	0.00000	0.00112	0.00201	0.00000
0.00000	0.03742	0.00000	0.00000	0.00000	0.00000	0.00000	0.06994	0.01364	0.00861	0.01159	0.02076	0.00000	0.01121	0.07454	0.00000	0.00450	0.00000	0.00000	0.00000	0.00000	0.01128	0.00854	0.00560	0.01159	0.01229	0.01478	0.01086	0.00596	0.04578	0.00000	0.00561	0.00000	0.00000	0.95100	0.00000	0.00113	0.00223	0.00000
0.00000	0.03813	0.00000	0.00000	0.00000	0.00000	0.00000	0.07123	0.01364	0.00925	0.01172	0.01987	0.00000	0.01134	0.07452	0.00000	0.00458	0.00000	0.00000	0.00000	0.00000	0.01180	0.00864	0.00570	0.01173	0.01243	0.01491	0.01099	0.00649	0.04589	0.00000	0.00604	0.00000	0.00000	0.95094	0.00000	0.00115	0.00229	0.00000
0.00000	0.03932	0.00000	0.00000	0.00000	0.00000	0.00000	0.06939	0.01356	0.01027	0.01150	0.01656	0.00000	0.01112	0.07368	0.00000	0.00482	0.00000	0.00000	0.00000	0.00000	0.01237	0.00847	0.00599	0.01150	0.01219	0.01468	0.01078	0.00729	0.04567	0.00000	0.00660	0.00000	0.00000	0.95106	0.00000	0.00113	0.00254	0.00000
0.00000	0.04195	0.00000	0.00000	0.00000	0.00000	0.00000	0.05310	0.01406	0.00988	0.00000	0.00903	0.00000	0.00000	0.06316	0.00000	0.00488	0.00000	0.00000	0.00000	0.00000	0.00331	0.00000	0.00586	0.00000	0.00000	0.00267	0.00000	0.00636	0.03543	0.00000	0.00224	0.00000	0.00000	0.95084	0.00000	0.00000	0.00429	0.00000
0.00000	0.03532	0.00000	0.00000	0.00000	0.00000	0.00000	0.06861	0.01369	0.00658	0.01163	0.02233	0.00000	0.01125	0.07511	0.00000	0.00391	0.00000	0.00000	0.00000	0.00000	0.01017	0.00857	0.00490	0.01163	0.01232	0.01482	0.01090	0.00441	0.04590	0.00000	0.00469	0.00000	0.00000	0.95117	0.00000	0.00114	0.00172	0.00000
0.00000	0.04195	0.00000	0.00000	0.00000	0.00000	0.00000	0.05310	0.01406	0.00988	0.00000	0.00903	0.00000	0.00000	0.06316	0.00000	0.00488	0.00000	0.00000	0.00000	0.00000	0.00331	0.00000	0.00586	0.00000	0.00000	0.00267	0.00000	0.00636	0.03543	0.00000	0.00224	0.00000	0.00000	0.95084	0.00000	0.00000	0.00429	0.00000
0.00000	0.04195	0.00000	0.00000	0.00000	0.00000	0.00000	0.05310	0.01406	0.00988	0.00000	0.00903	0.00000	0.00000	0.06316	0.00000	0.00488	0.00000	0.00000	0.00000	0.00000	0.00331	0.00000	0.00586	0.00000	0.00000	0.00267	0.00000	0.00636	0.03543	0.00000	0.00224	0.00000	0.00000	0.95084	0.00000	0.00000	0.00429	0.00000
0.00000	0.04195	0.00000	0.00000	0.00000	0.00000	0.00000	0.05310	0.01406	0.00988	0.00000	0.00903	0.00000	0.00000	0.06316	0.00000	0.00488	0.00000	0.00000	0.00000	0.00000	0.00331	0.00000	0.00586	0.00000	0.00000	0.00267	0.00000	0.00636	0.03543	0.00000	0.00224	0.00000	0.00000	0.95084	0.00000	0.00000	0.00429	0.00000
0.00000	0.03800	0.00000	0.00000	0.00000	0.00000	0.00000	0.07026	0.01364	0.00896	0.01104	0.01796	0.00000	0.01068	0.07378	0.00000	0.00469	0.00000	0.00000	0.00000	0.00000	0.01119	0.00813	0.00582	0.01104	0.01170	0.01420	0.01035	0.00616	0.04530	0.00000	0.00570	0.00000	0.00000	0.95129	0.00000	0.00108	0.00249	0.00000
0.00000	0.04195	0.00000	0.00000	0.00000	0.00000	0.00000	0.05310	0.01406	0.00988	0.00000	0.00903	0.00000	0.00000	0.06316	0.00000	0.00488	0.00000	0.00000	0.00000	0.00000	0.00331	0.00000	0.00586	0.00000	0.00000	0.00267	0.00000	0.00636	0.03543	0.00000	0.00224	0.00000	0.00000	0.95084	0.00000	0.00000	0.00429	0.00000
